year,end_prev_lat,end_prev_long,start_lat,start_long
1903,45.74846,4.84671,45.74846,4.84671
1903,43.29695,5.38107,43.29695,5.38107
1903,43.60426,1.44367,43.60426,1.44367
1903,44.84044,-0.5805,44.84044,-0.5805
1903,47.21725,-1.55336,47.21725,-1.55336
1904,45.74846,4.84671,45.74846,4.84671
1904,43.29695,5.38107,43.29695,5.38107
1904,43.60426,1.44367,43.60426,1.44367
1904,44.84044,-0.5805,44.84044,-0.5805
1904,47.21725,-1.55336,47.21725,-1.55336
1905,48.68439,6.18496,48.68439,6.18496
1905,47.248779999999996,6.01815,47.248779999999996,6.01815
1905,45.17155,5.72239,45.17155,5.72239
1905,43.12442,5.92836,43.12442,5.92836
1905,43.83378,4.35962,43.83378,4.35962
1905,43.60426,1.44367,43.60426,1.44367
1905,44.84044,-0.5805,44.84044,-0.5805
1905,46.16667,-1.15,46.16667,-1.15
1905,48.11198,-1.67429,48.11198,-1.67429
1905,49.18585,-0.35912,49.18585,-0.35912
1906,50.63297,3.05858,50.36667,3.06667
1906,48.68439,6.18496,48.68439,6.18496
1906,47.31667,5.01667,47.31667,5.01667
1906,45.17155,5.72239,45.17155,5.72239
1906,43.70313,7.26608,43.70313,7.26608
1906,43.29695,5.38107,43.29695,5.38107
1906,43.60426,1.44367,43.60426,1.44367
1906,43.48333,-1.48333,43.48333,-1.48333
1906,44.84044,-0.5805,44.84044,-0.5805
1906,47.21725,-1.55336,47.21725,-1.55336
1906,48.39029,-4.48628,48.39029,-4.48628
1906,49.18585,-0.35912,49.18585,-0.35912
1907,50.69421,3.17456,50.69421,3.17456
1907,49.11911,6.17269,49.11911,6.17269
1907,47.63883,6.85419,47.63883,6.85419
1907,45.74846,4.84671,45.74846,4.84671
1907,45.17155,5.72239,45.17155,5.72239
1907,43.70313,7.26608,43.70313,7.26608
1907,43.83378,4.35962,43.83378,4.35962
1907,43.60426,1.44367,43.60426,1.44367
1907,43.48333,-1.48333,43.48333,-1.48333
1907,44.84044,-0.5805,44.84044,-0.5805
1907,47.21725,-1.55336,47.21725,-1.55336
1907,48.39029,-4.48628,48.39029,-4.48628
1907,49.18585,-0.35912,49.18585,-0.35912
1908,50.69421,3.17456,50.69421,3.17456
1908,49.11911,6.17269,49.11911,6.17269
1908,47.63883,6.85419,47.63883,6.85419
1908,45.74846,4.84671,45.74846,4.84671
1908,45.17155,5.72239,45.17155,5.72239
1908,43.70313,7.26608,43.70313,7.26608
1908,43.83378,4.35962,43.83378,4.35962
1908,43.60426,1.44367,43.60426,1.44367
1908,43.48333,-1.48333,43.48333,-1.48333
1908,44.84044,-0.5805,44.84044,-0.5805
1908,47.21725,-1.55336,47.21725,-1.55336
1908,48.39029,-4.48628,48.39029,-4.48628
1908,49.18585,-0.35912,49.18585,-0.35912
1909,50.69421,3.17456,50.69421,3.17456
1909,49.11911,6.17269,49.11911,6.17269
1909,47.63883,6.85419,47.63883,6.85419
1909,45.74846,4.84671,45.74846,4.84671
1909,45.17155,5.72239,45.17155,5.72239
1909,43.70313,7.26608,43.70313,7.26608
1909,43.83378,4.35962,43.83378,4.35962
1909,43.60426,1.44367,43.60426,1.44367
1909,43.48333,-1.48333,43.48333,-1.48333
1909,44.84044,-0.5805,44.84044,-0.5805
1909,47.21725,-1.55336,47.21725,-1.55336
1909,48.39029,-4.48628,48.39029,-4.48628
1909,49.18585,-0.35912,49.18585,-0.35912
1910,50.69421,3.17456,50.69421,3.17456
1910,49.11911,6.17269,49.11911,6.17269
1910,47.63883,6.85419,47.63883,6.85419
1910,45.74846,4.84671,45.74846,4.84671
1910,45.17155,5.72239,45.17155,5.72239
1910,43.70313,7.26608,43.70313,7.26608
1910,43.83378,4.35962,43.83378,4.35962
1910,42.69764,2.89541,42.69764,2.89541
1910,42.79079,0.59315,42.79079,0.59315
1910,43.48333,-1.48333,43.48333,-1.48333
1910,44.84044,-0.5805,44.84044,-0.5805
1910,47.21725,-1.55336,47.21725,-1.55336
1910,48.39029,-4.48628,48.39029,-4.48628
1910,49.18585,-0.35912,49.18585,-0.35912
1911,51.03297,2.377,51.03297,2.377
1911,49.5217,5.76192,49.5217,5.76192
1911,47.63883,6.85419,47.63883,6.85419
1911,45.92375,6.86933,45.92375,6.86933
1911,45.17155,5.72239,45.17155,5.72239
1911,43.70313,7.26608,43.70313,7.26608
1911,43.29695,5.38107,43.29695,5.38107
1911,42.69764,2.89541,42.69764,2.89541
1911,42.79079,0.59315,42.79079,0.59315
1911,43.48333,-1.48333,43.48333,-1.48333
1911,46.16667,-1.15,46.16667,-1.15
1911,48.39029,-4.48628,48.39029,-4.48628
1911,49.63984,-1.61636,49.63984,-1.61636
1911,49.4938,0.10767,49.4938,0.10767
1912,51.03297,2.377,51.03297,2.377
1912,49.5217,5.76192,49.5217,5.76192
1912,47.63883,6.85419,47.63883,6.85419
1912,45.92375,6.86933,45.92375,6.86933
1912,45.17155,5.72239,45.17155,5.72239
1912,43.70313,7.26608,43.70313,7.26608
1912,43.29695,5.38107,43.29695,5.38107
1912,42.69764,2.89541,42.69764,2.89541
1912,42.79079,0.59315,42.79079,0.59315
1912,43.48333,-1.48333,43.48333,-1.48333
1912,46.16667,-1.15,46.16667,-1.15
1912,48.39029,-4.48628,48.39029,-4.48628
1912,49.63984,-1.61636,49.63984,-1.61636
1912,49.4938,0.10767,49.4938,0.10767
1913,49.4938,0.10767,49.4938,0.10767
1913,49.63984,-1.61636,49.63984,-1.61636
1913,48.39029,-4.48628,48.39029,-4.48628
1913,46.16667,-1.15,46.16667,-1.15
1913,43.48333,-1.48333,43.48333,-1.48333
1913,42.79079,0.59315,42.79079,0.59315
1913,42.69764,2.89541,42.69764,2.89541
1913,43.5283,5.44973,43.5283,5.44973
1913,43.70313,7.26608,43.70313,7.26608
1913,45.17155,5.72239,45.17155,5.72239
1913,46.20222,6.14569,46.20222,6.14569
1913,47.63883,6.85419,47.63883,6.85419
1913,49.5217,5.76192,49.5217,5.76192
1913,51.03297,2.377,51.03297,2.377
1914,49.4938,0.10767,49.4938,0.10767
1914,49.63984,-1.61636,49.63984,-1.61636
1914,48.39029,-4.48628,48.39029,-4.48628
1914,46.16667,-1.15,46.16667,-1.15
1914,43.48333,-1.48333,43.48333,-1.48333
1914,42.79079,0.59315,42.79079,0.59315
1914,42.69764,2.89541,42.69764,2.89541
1914,43.29695,5.38107,43.29695,5.38107
1914,43.70313,7.26608,43.70313,7.26608
1914,45.17155,5.72239,45.17155,5.72239
1914,46.20222,6.14569,46.20222,6.14569
1914,47.63883,6.85419,47.63883,6.85419
1914,49.5217,5.76192,49.5217,5.76192
1914,51.03297,2.377,51.03297,2.377
1919,49.4938,0.10767,49.4938,0.10767
1919,49.63984,-1.61636,49.63984,-1.61636
1919,48.39029,-4.48628,48.39029,-4.48628
1919,46.5,-1.78333,46.5,-1.78333
1919,43.48333,-1.48333,43.48333,-1.48333
1919,42.79079,0.59315,42.79079,0.59315
1919,42.69764,2.89541,42.69764,2.89541
1919,43.29695,5.38107,43.29695,5.38107
1919,43.70313,7.26608,43.70313,7.26608
1919,45.17155,5.72239,45.17155,5.72239
1919,46.20222,6.14569,46.20222,6.14569
1919,48.58392,7.74553,48.58392,7.74553
1919,49.11911,6.17269,49.11911,6.17269
1919,51.03297,2.377,51.03297,2.377
1920,49.4938,0.10767,49.4938,0.10767
1920,49.63984,-1.61636,49.63984,-1.61636
1920,48.39029,-4.48628,48.39029,-4.48628
1920,46.5,-1.78333,46.5,-1.78333
1920,43.48333,-1.48333,43.48333,-1.48333
1920,42.79079,0.59315,42.79079,0.59315
1920,42.69764,2.89541,42.69764,2.89541
1920,43.5283,5.44973,43.5283,5.44973
1920,43.70313,7.26608,43.70313,7.26608
1920,45.17155,5.72239,45.17155,5.72239
1920,46.33333,6.06667,46.33333,6.06667
1920,48.58392,7.74553,48.58392,7.74553
1920,49.11911,6.17269,49.11911,6.17269
1920,51.03297,2.377,51.03297,2.377
1921,49.4938,0.10767,49.4938,0.10767
1921,49.63984,-1.61636,49.63984,-1.61636
1921,48.39029,-4.48628,48.39029,-4.48628
1921,46.5,-1.78333,46.5,-1.78333
1921,43.48333,-1.48333,43.48333,-1.48333
1921,42.79079,0.59315,42.79079,0.59315
1921,42.69764,2.89541,42.69764,2.89541
1921,43.12442,5.92836,43.12442,5.92836
1921,43.70313,7.26608,43.70313,7.26608
1921,45.17155,5.72239,45.17155,5.72239
1921,46.20222,6.14569,46.20222,6.14569
1921,48.58392,7.74553,48.58392,7.74553
1921,49.11911,6.17269,49.11911,6.17269
1921,51.03297,2.377,51.03297,2.377
1922,49.4938,0.10767,49.4938,0.10767
1922,49.63984,-1.61636,49.63984,-1.61636
1922,48.39029,-4.48628,48.39029,-4.48628
1922,46.5,-1.78333,46.5,-1.78333
1922,43.48333,-1.48333,43.48333,-1.48333
1922,42.79079,0.59315,42.79079,0.59315
1922,42.69764,2.89541,42.69764,2.89541
1922,43.12442,5.92836,43.12442,5.92836
1922,43.70313,7.26608,43.70313,7.26608
1922,44.89978,6.64201,44.89978,6.64201
1922,46.20222,6.14569,46.20222,6.14569
1922,48.58392,7.74553,48.58392,7.74553
1922,49.11911,6.17269,49.11911,6.17269
1922,51.03297,2.377,51.03297,2.377
1923,49.4938,0.10767,49.4938,0.10767
1923,49.63984,-1.61636,49.63984,-1.61636
1923,48.39029,-4.48628,48.39029,-4.48628
1923,46.5,-1.78333,46.5,-1.78333
1923,43.48333,-1.48333,43.48333,-1.48333
1923,42.79079,0.59315,42.79079,0.59315
1923,42.69764,2.89541,42.69764,2.89541
1923,43.12442,5.92836,43.12442,5.92836
1923,43.70313,7.26608,43.70313,7.26608
1923,44.89978,6.64201,44.89978,6.64201
1923,46.20222,6.14569,46.20222,6.14569
1923,48.58392,7.74553,48.58392,7.74553
1923,49.11911,6.17269,49.11911,6.17269
1923,51.03297,2.377,51.03297,2.377
1924,49.4938,0.10767,49.4938,0.10767
1924,49.63984,-1.61636,49.63984,-1.61636
1924,48.39029,-4.48628,48.39029,-4.48628
1924,46.5,-1.78333,46.5,-1.78333
1924,43.48333,-1.48333,43.48333,-1.48333
1924,42.79079,0.59315,42.79079,0.59315
1924,42.69764,2.89541,42.69764,2.89541
1924,43.12442,5.92836,43.12442,5.92836
1924,43.70313,7.26608,43.70313,7.26608
1924,44.89978,6.64201,44.89978,6.64201
1924,46.33333,6.06667,46.33333,6.06667
1924,48.58392,7.74553,48.58392,7.74553
1924,49.11911,6.17269,49.11911,6.17269
1924,51.03297,2.377,51.03297,2.377
1925,49.4938,0.10767,49.4938,0.10767
1925,49.63984,-1.61636,49.63984,-1.61636
1925,48.39029,-4.48628,48.39029,-4.48628
1925,47.6579,-2.75574,47.6579,-2.75574
1925,46.5,-1.78333,46.5,-1.78333
1925,44.84044,-0.5805,44.84044,-0.5805
1925,43.48333,-1.48333,43.48333,-1.48333
1925,42.79079,0.59315,42.79079,0.59315
1925,42.69764,2.89541,42.69764,2.89541
1925,43.83378,4.35962,43.83378,4.35962
1925,43.12442,5.92836,43.12442,5.92836
1925,43.70313,7.26608,43.70313,7.26608
1925,44.89978,6.64201,44.89978,6.64201
1925,46.40111,6.58793,46.40111,6.58793
1925,47.75,7.33333,47.75,7.33333
1925,49.11911,6.17269,49.11911,6.17269
1925,51.03297,2.377,51.03297,2.377
1926,47.75,7.33333,47.75,7.33333
1926,49.11911,6.17269,49.11911,6.17269
1926,51.03297,2.377,51.03297,2.377
1926,49.4938,0.10767,49.4938,0.10767
1926,49.63984,-1.61636,49.63984,-1.61636
1926,48.39029,-4.48628,48.39029,-4.48628
1926,46.5,-1.78333,46.5,-1.78333
1926,44.84044,-0.5805,44.84044,-0.5805
1926,43.48333,-1.48333,43.48333,-1.48333
1926,42.79079,0.59315,42.79079,0.59315
1926,42.69764,2.89541,42.69764,2.89541
1926,43.12442,5.92836,43.12442,5.92836
1926,43.70313,7.26608,43.70313,7.26608
1926,44.89978,6.64201,44.89978,6.64201
1926,46.40111,6.58793,46.40111,6.58793
1926,47.31667,5.01667,47.31667,5.01667
1927,49.93333,1.08333,49.93333,1.08333
1927,49.4938,0.10767,49.4938,0.10767
1927,49.18585,-0.35912,49.18585,-0.35912
1927,49.63984,-1.61636,49.63984,-1.61636
1927,48.45,-2.03333,48.45,-2.03333
1927,48.39029,-4.48628,48.39029,-4.48628
1927,47.6579,-2.75574,47.6579,-2.75574
1927,46.5,-1.78333,46.5,-1.78333
1927,44.84044,-0.5805,44.84044,-0.5805
1927,43.48333,-1.48333,43.48333,-1.48333
1927,42.79079,0.59315,42.79079,0.59315
1927,42.69764,2.89541,42.69764,2.89541
1927,43.29695,5.38107,43.29695,5.38107
1927,43.12442,5.92836,43.12442,5.92836
1927,43.70313,7.26608,43.70313,7.26608
1927,44.89978,6.64201,44.89978,6.64201
1927,46.40111,6.58793,46.40111,6.58793
1927,46.90347,6.35542,46.90347,6.35542
1927,47.63883,6.85419,47.63883,6.85419
1927,48.58392,7.74553,48.58392,7.74553
1927,49.11911,6.17269,49.11911,6.17269
1927,49.7685,4.72487,49.7685,4.72487
1927,51.03297,2.377,51.03297,2.377
1928,49.18585,-0.35912,49.18585,-0.35912
1928,49.63984,-1.61636,49.63984,-1.61636
1928,48.45,-2.03333,48.45,-2.03333
1928,48.39029,-4.48628,48.39029,-4.48628
1928,47.6579,-2.75574,47.6579,-2.75574
1928,46.5,-1.78333,46.5,-1.78333
1928,44.84044,-0.5805,44.84044,-0.5805
1928,43.37172,-1.77382,43.37172,-1.77382
1928,42.79079,0.59315,42.79079,0.59315
1928,42.69764,2.89541,42.69764,2.89541
1928,43.29695,5.38107,43.29695,5.38107
1928,43.70313,7.26608,43.70313,7.26608
1928,45.17155,5.72239,45.17155,5.72239
1928,46.40111,6.58793,46.40111,6.58793
1928,46.90347,6.35542,46.90347,6.35542
1928,47.63883,6.85419,47.63883,6.85419
1928,48.58392,7.74553,48.58392,7.74553
1928,49.11911,6.17269,49.11911,6.17269
1928,49.7685,4.72487,49.7685,4.72487
1928,51.04517,2.39972,51.04517,2.39972
1928,49.93333,1.08333,49.93333,1.08333
1929,49.18585,-0.35912,49.18585,-0.35912
1929,49.63984,-1.61636,49.63984,-1.61636
1929,48.45,-2.03333,48.45,-2.03333
1929,48.39029,-4.48628,48.39029,-4.48628
1929,47.6579,-2.75574,47.6579,-2.75574
1929,46.5,-1.78333,46.5,-1.78333
1929,44.84044,-0.5805,44.84044,-0.5805
1929,43.48333,-1.48333,43.48333,-1.48333
1929,42.79079,0.59315,42.79079,0.59315
1929,42.69764,2.89541,42.69764,2.89541
1929,43.29695,5.38107,43.29695,5.38107
1929,43.55135,7.01275,43.55135,7.01275
1929,43.70313,7.26608,43.70313,7.26608
1929,45.17155,5.72239,45.17155,5.72239
1929,46.40111,6.58793,46.40111,6.58793
1929,47.63883,6.85419,47.63883,6.85419
1929,48.58392,7.74553,48.58392,7.74553
1929,49.11911,6.17269,49.11911,6.17269
1929,49.7685,4.72487,49.7685,4.72487
1929,51.04517,2.39972,51.04517,2.39972
1929,49.93333,1.08333,49.93333,1.08333
1930,49.18585,-0.35912,49.18585,-0.35912
1930,48.45,-2.03333,48.45,-2.03333
1930,48.39029,-4.48628,48.39029,-4.48628
1930,47.6579,-2.75574,47.6579,-2.75574
1930,46.5,-1.78333,46.5,-1.78333
1930,44.84044,-0.5805,44.84044,-0.5805
1930,43.37172,-1.77382,43.37172,-1.77382
1930,43.3,-0.36667,43.3,-0.36667
1930,42.79079,0.59315,42.79079,0.59315
1930,42.69764,2.89541,42.69764,2.89541
1930,43.61092,3.87723,43.61092,3.87723
1930,43.29695,5.38107,43.29695,5.38107
1930,43.55135,7.01275,43.55135,7.01275
1930,43.70313,7.26608,43.70313,7.26608
1930,45.17155,5.72239,45.17155,5.72239
1930,46.40111,6.58793,46.40111,6.58793
1930,47.63883,6.85419,47.63883,6.85419
1930,49.11911,6.17269,49.11911,6.17269
1930,49.7685,4.72487,49.7685,4.72487
1930,51.04517,2.39972,51.04517,2.39972
1931,49.18585,-0.35912,49.18585,-0.35912
1931,48.45,-2.03333,48.45,-2.03333
1931,48.39029,-4.48628,48.39029,-4.48628
1931,47.6579,-2.75574,47.6579,-2.75574
1931,46.5,-1.78333,46.5,-1.78333
1931,44.84044,-0.5805,44.84044,-0.5805
1931,43.48333,-1.48333,43.48333,-1.48333
1931,43.3,-0.36667,43.3,-0.36667
1931,42.79079,0.59315,42.79079,0.59315
1931,42.69764,2.89541,42.69764,2.89541
1931,43.61092,3.87723,43.61092,3.87723
1931,43.29695,5.38107,43.29695,5.38107
1931,43.55135,7.01275,43.55135,7.01275
1931,43.70313,7.26608,43.70313,7.26608
1931,44.56151,6.08106,44.56151,6.08106
1931,45.17155,5.72239,45.17155,5.72239
1931,45.69173,5.90863,45.69173,5.90863
1931,46.40111,6.58793,46.40111,6.58793
1931,47.63883,6.85419,47.63883,6.85419
1931,48.08078,7.35584,48.08078,7.35584
1931,49.11911,6.17269,49.11911,6.17269
1931,49.7685,4.72487,49.7685,4.72487
1931,51.04517,2.39972,51.04517,2.39972
1932,49.18585,-0.35912,49.18585,-0.35912
1932,47.21725,-1.55336,47.21725,-1.55336
1932,44.84044,-0.5805,44.84044,-0.5805
1932,43.3,-0.36667,43.3,-0.36667
1932,42.79079,0.59315,42.79079,0.59315
1932,42.69764,2.89541,42.69764,2.89541
1932,43.61092,3.87723,43.61092,3.87723
1932,43.29695,5.38107,43.29695,5.38107
1932,43.55135,7.01275,43.55135,7.01275
1932,43.70313,7.26608,43.70313,7.26608
1932,44.56151,6.08106,44.56151,6.08106
1932,45.17155,5.72239,45.17155,5.72239
1932,45.69173,5.90863,45.69173,5.90863
1932,46.40111,6.58793,46.40111,6.58793
1932,47.63883,6.85419,47.63883,6.85419
1932,48.58392,7.74553,48.58392,7.74553
1932,49.11911,6.17269,49.11911,6.17269
1932,49.7685,4.72487,49.7685,4.72487
1932,51.04517,2.39972,51.04517,2.39972
1932,49.9,2.3,49.9,2.3
1933,50.63297,3.05858,50.63297,3.05858
1933,49.7685,4.72487,49.7685,4.72487
1933,49.11911,6.17269,49.11911,6.17269
1933,47.63883,6.85419,47.63883,6.85419
1933,46.40111,6.58793,46.40111,6.58793
1933,45.69173,5.90863,45.69173,5.90863
1933,45.17155,5.72239,45.17155,5.72239
1933,44.56151,6.08106,44.56151,6.08106
1933,44.09252,6.23199,44.09252,6.23199
1933,43.70313,7.26608,43.70313,7.26608
1933,43.55135,7.01275,43.55135,7.01275
1933,43.29695,5.38107,43.29695,5.38107
1933,43.61092,3.87723,43.61092,3.87723
1933,42.69764,2.89541,42.69764,2.89541
1933,42.71968,1.83845,42.71968,1.83845
1933,42.79079,0.59315,42.79079,0.59315
1933,43.23333,0.08333,43.23333,0.08333
1933,43.3,-0.36667,43.3,-0.36667
1933,44.84044,-0.5805,44.84044,-0.5805
1933,46.16667,-1.15,46.16667,-1.15
1933,48.11198,-1.67429,48.11198,-1.67429
1933,49.18585,-0.35912,49.18585,-0.35912
1934,50.63297,3.05858,50.63297,3.05858
1934,49.7685,4.72487,49.7685,4.72487
1934,49.11911,6.17269,49.11911,6.17269
1934,47.63883,6.85419,47.63883,6.85419
1934,46.40111,6.58793,46.40111,6.58793
1934,45.69173,5.90863,45.69173,5.90863
1934,45.17155,5.72239,45.17155,5.72239
1934,44.56151,6.08106,44.56151,6.08106
1934,44.09252,6.23199,44.09252,6.23199
1934,43.70313,7.26608,43.70313,7.26608
1934,43.55135,7.01275,43.55135,7.01275
1934,43.29695,5.38107,43.29695,5.38107
1934,43.61092,3.87723,43.61092,3.87723
1934,42.69764,2.89541,42.69764,2.89541
1934,42.71968,1.83845,42.71968,1.83845
1934,42.79079,0.59315,42.79079,0.59315
1934,43.23333,0.08333,43.23333,0.08333
1934,43.3,-0.36667,43.3,-0.36667
1934,44.84044,-0.5805,44.84044,-0.5805
1934,46.16667,-1.15,46.16667,-1.15
1934,46.66667,-1.43333,46.66667,-1.43333
1934,47.21725,-1.55336,47.21725,-1.55336
1934,49.18585,-0.35912,49.18585,-0.35912
1935,50.63297,3.05858,50.63297,3.05858
1935,49.7685,4.72487,49.7685,4.72487
1935,49.11911,6.17269,49.11911,6.17269
1935,47.63883,6.85419,47.63883,6.85419
1935,46.20001,6.149985,46.20222,6.14569
1935,46.40111,6.58793,46.40111,6.58793
1935,45.69173,5.90863,45.69173,5.90863
1935,45.17155,5.72239,45.17155,5.72239
1935,44.56151,6.08106,44.56151,6.08106
1935,44.09252,6.23199,44.09252,6.23199
1935,43.70313,7.26608,43.70313,7.26608
1935,43.55135,7.01275,43.55135,7.01275
1935,43.29695,5.38107,43.29695,5.38107
1935,43.83378,4.35962,43.83378,4.35962
1935,43.61092,3.87723,43.61092,3.87723
1935,43.18396,3.00141,43.18396,3.00141
1935,42.69764,2.89541,42.69764,2.89541
1935,42.79079,0.59315,42.79079,0.59315
1935,43.3,-0.36667,43.3,-0.36667
1935,44.84044,-0.5805,44.84044,-0.5805
1935,45.94117,-0.95411,45.94117,-0.95411
1935,46.16667,-1.15,46.16667,-1.15
1935,46.66667,-1.43333,46.66667,-1.43333
1935,47.21725,-1.55336,47.21725,-1.55336
1935,48.83333,-0.88333,48.83333,-0.88333
1935,49.18585,-0.35912,49.18585,-0.35912
1936,50.63297,3.05858,50.63297,3.05858
1936,49.7685,4.72487,49.7685,4.72487
1936,49.11911,6.17269,49.11911,6.17269
1936,47.63883,6.85419,47.63883,6.85419
1936,46.40111,6.58793,46.40111,6.58793
1936,45.69173,5.90863,45.69173,5.90863
1936,45.17155,5.72239,45.17155,5.72239
1936,44.89978,6.64201,44.89978,6.64201
1936,44.09252,6.23199,44.09252,6.23199
1936,43.70313,7.26608,43.70313,7.26608
1936,43.55135,7.01275,43.55135,7.01275
1936,43.29695,5.38107,43.29695,5.38107
1936,43.83378,4.35962,43.83378,4.35962
1936,43.61092,3.87723,43.61092,3.87723
1936,43.18396,3.00141,43.18396,3.00141
1936,42.69764,2.89541,42.69764,2.89541
1936,42.79079,0.59315,42.79079,0.59315
1936,43.3,-0.36667,43.3,-0.36667
1936,44.84044,-0.5805,44.84044,-0.5805
1936,45.75,-0.63333,45.75,-0.63333
1936,46.16667,-1.15,46.16667,-1.15
1936,46.66667,-1.43333,46.66667,-1.43333
1936,47.082,-0.877,47.082,-0.877
1936,47.47381,-0.54774,47.47381,-0.54774
1936,48.83333,-0.88333,48.83333,-0.88333
1936,49.18585,-0.35912,49.18585,-0.35912
1937,50.63297,3.05858,50.63297,3.05858
1937,49.7685,4.72487,49.7685,4.72487
1937,49.11911,6.17269,49.11911,6.17269
1937,47.63883,6.85419,47.63883,6.85419
1937,46.67535,5.55575,46.67535,5.55575
1937,46.74452,5.91354,46.74452,5.91354
1937,46.20222,6.14569,46.20222,6.14569
1937,45.69173,5.90863,45.69173,5.90863
1937,45.17155,5.72239,45.17155,5.72239
1937,44.89978,6.64201,44.89978,6.64201
1937,44.09252,6.23199,44.09252,6.23199
1937,43.70313,7.26608,43.70313,7.26608
1937,43.12442,5.92836,43.12442,5.92836
1937,43.29695,5.38107,43.29695,5.38107
1937,43.83378,4.35962,43.83378,4.35962
1937,43.61092,3.87723,43.61092,3.87723
1937,43.18396,3.00141,43.18396,3.00141
1937,42.69764,2.89541,42.69764,2.89541
1937,42.43416,1.94391,42.43416,1.94391
1937,42.71968,1.83845,42.71968,1.83845
1937,42.79079,0.59315,42.79079,0.59315
1937,43.3,-0.36667,43.3,-0.36667
1937,44.84044,-0.5805,44.84044,-0.5805
1937,45.62846,-1.0281,45.62846,-1.0281
1937,45.75,-0.63333,45.75,-0.63333
1937,46.16667,-1.15,46.16667,-1.15
1937,46.66667,-1.43333,46.66667,-1.43333
1937,48.11198,-1.67429,48.11198,-1.67429
1937,48.83333,-0.88333,48.83333,-0.88333
1937,49.18585,-0.35912,49.18585,-0.35912
1938,49.18585,-0.35912,49.18585,-0.35912
1938,48.51513,-2.76838,48.51513,-2.76838
1938,47.21725,-1.55336,47.21725,-1.55336
1938,46.66667,-1.43333,46.66667,-1.43333
1938,46.16667,-1.15,46.16667,-1.15
1938,45.62846,-1.0281,45.62846,-1.0281
1938,44.84044,-0.5805,44.84044,-0.5805
1938,44.65,-1.16667,44.65,-1.16667
1938,43.48333,-1.48333,43.48333,-1.48333
1938,43.3,-0.36667,43.3,-0.36667
1938,42.79079,0.59315,42.79079,0.59315
1938,42.69764,2.89541,42.69764,2.89541
1938,43.18396,3.00141,43.18396,3.00141
1938,43.34122,3.21402,43.34122,3.21402
1938,43.61092,3.87723,43.61092,3.87723
1938,43.29695,5.38107,43.29695,5.38107
1938,43.55135,7.01275,43.55135,7.01275
1938,44.09252,6.23199,44.09252,6.23199
1938,44.89978,6.64201,44.89978,6.64201
1938,45.69173,5.90863,45.69173,5.90863
1938,47.248779999999996,6.01815,47.248779999999996,6.01815
1938,47.63883,6.85419,47.63883,6.85419
1938,48.58392,7.74553,48.58392,7.74553
1938,49.11911,6.17269,49.11911,6.17269
1938,49.29162,4.11921,49.29162,4.11921
1938,49.5631,3.62714,49.5631,3.62714
1938,49.84889,3.28757,49.84889,3.28757
1938,50.63297,3.05858,50.63297,3.05858
1939,49.18585,-0.35912,49.18585,-0.35912
1939,48.83333,-0.88333,48.83333,-0.88333
1939,48.11198,-1.67429,48.11198,-1.67429
1939,48.39029,-4.48628,48.39029,-4.48628
1939,47.75,-3.36667,47.75,-3.36667
1939,47.21725,-1.55336,47.21725,-1.55336
1939,46.16667,-1.15,46.16667,-1.15
1939,45.62846,-1.0281,45.62846,-1.0281
1939,44.84044,-0.5805,44.84044,-0.5805
1939,43.47422,-0.92448,43.47422,-0.92448
1939,43.3,-0.36667,43.3,-0.36667
1939,43.60426,1.44367,43.60426,1.44367
1939,43.18396,3.00141,43.18396,3.00141
1939,43.34122,3.21402,43.34122,3.21402
1939,43.61092,3.87723,43.61092,3.87723
1939,43.29695,5.38107,43.29695,5.38107
1939,43.42332,6.7735,43.42332,6.7735
1939,43.73333,7.41667,43.73333,7.41667
1939,43.73333,7.41667,43.73333,7.41667
1939,44.09252,6.23199,44.09252,6.23199
1939,44.89978,6.64201,44.89978,6.64201
1939,44.89978,6.64201,45.3714,7.04634
1939,45.61716,6.76902,45.61716,6.76902
1939,45.91971,6.14393,45.91971,6.14393
1939,47.1,5.5,47.1,5.5
1939,47.31667,5.01667,47.31667,5.01667
1939,48.30073,4.08524,48.30073,4.08524
1947,50.63297,3.05858,50.63297,3.05858
1947,50.85045,4.34878,50.85045,4.34878
1947,49.60244,6.1332,49.60244,6.1332
1947,48.58392,7.74553,48.58392,7.74553
1947,47.248779999999996,6.01815,47.248779999999996,6.01815
1947,45.74846,4.84671,45.74846,4.84671
1947,45.17155,5.72239,45.17155,5.72239
1947,44.89978,6.64201,44.89978,6.64201
1947,44.09252,6.23199,44.09252,6.23199
1947,43.70313,7.26608,43.70313,7.26608
1947,43.29695,5.38107,43.29695,5.38107
1947,43.61092,3.87723,43.61092,3.87723
1947,43.21351,2.35162,43.21351,2.35162
1947,42.79079,0.59315,42.79079,0.59315
1947,43.3,-0.36667,43.3,-0.36667
1947,44.84044,-0.5805,44.84044,-0.5805
1947,46.5,-1.78333,46.5,-1.78333
1947,47.6579,-2.75574,47.6579,-2.75574
1947,48.51513,-2.76838,48.51513,-2.76838
1947,49.18585,-0.35912,49.18585,-0.35912
1948,49.57265,0.6005,49.57265,0.6005
1948,48.63143,-2.06144,48.63143,-2.06144
1948,47.21725,-1.55336,47.21725,-1.55336
1948,46.16667,-1.15,46.16667,-1.15
1948,44.84044,-0.5805,44.84044,-0.5805
1948,43.48012,-1.55558,43.48012,-1.55558
1948,43.1,-0.05,43.1,-0.05
1948,43.60426,1.44367,43.60426,1.44367
1948,43.61092,3.87723,43.61092,3.87723
1948,43.29695,5.38107,43.29695,5.38107
1948,43.81725,7.7772,43.81725,7.7772
1948,43.55135,7.01275,43.55135,7.01275
1948,44.89978,6.64201,44.89978,6.64201
1948,45.69173,5.90863,45.69173,5.90863
1948,46.516,6.63282,46.516,6.63282
1948,47.75,7.33333,47.75,7.33333
1948,48.58392,7.74553,48.58392,7.74553
1948,49.11911,6.17269,49.11911,6.17269
1948,50.63373,5.56749,50.63373,5.56749
1948,50.69421,3.17456,50.69421,3.17456
1949,49.29162,4.11921,49.29162,4.11921
1949,50.85045,4.34878,50.85045,4.34878
1949,50.71667,1.61667,50.71667,1.61667
1949,49.44313,1.09932,49.44313,1.09932
1949,48.65,-2.01667,48.65,-2.01667
1949,46.5,-1.78333,46.5,-1.78333
1949,46.16667,-1.15,46.16667,-1.15
1949,44.84044,-0.5805,44.84044,-0.5805
1949,43.31283,-1.97499,43.31283,-1.97499
1949,43.3,-0.36667,43.3,-0.36667
1949,42.79079,0.59315,42.79079,0.59315
1949,43.60426,1.44367,43.60426,1.44367
1949,43.83378,4.35962,43.83378,4.35962
1949,43.29695,5.38107,43.29695,5.38107
1949,43.55135,7.01275,43.55135,7.01275
1949,44.89978,6.64201,44.89978,6.64201
1949,45.73764,7.31722,45.73764,7.31722
1949,46.516,6.63282,46.516,6.63282
1949,48.08078,7.35584,48.08078,7.35584
1949,48.68439,6.18496,48.68439,6.18496
1950,49.11911,6.17269,49.11911,6.17269
1950,50.63373,5.56749,50.63373,5.56749
1950,50.63297,3.05858,50.63297,3.05858
1950,49.44313,1.09932,49.44313,1.09932
1950,48.63143,-2.06144,48.63143,-2.06144
1950,48.4955,-2.7232,48.4955,-2.7232
1950,47.47381,-0.54774,47.47381,-0.54774
1950,46.32313,-0.45877,46.32313,-0.45877
1950,44.84044,-0.5805,44.84044,-0.5805
1950,43.3,-0.36667,43.3,-0.36667
1950,43.10496,0.72927,43.11667,0.73333
1950,42.69764,2.89541,42.69764,2.89541
1950,43.83378,4.35962,43.83378,4.35962
1950,43.12442,5.92836,43.12442,5.92836
1950,43.77649,7.50435,43.77649,7.50435
1950,43.70313,7.26608,43.70313,7.26608
1950,44.56151,6.08106,44.56151,6.08106
1950,44.89978,6.64201,44.89978,6.64201
1950,45.43389,4.39,45.43389,4.39
1950,45.74846,4.84671,45.74846,4.84671
1950,47.31667,5.01667,47.31667,5.01667
1951,49.29162,4.11921,49.29162,4.11921
1951,51.05,3.71667,51.05,3.71667
1951,50.06056,1.37111,50.06056,1.37111
1951,48.85341,2.3488,48.85341,2.3488
1951,49.18585,-0.35912,49.18585,-0.35912
1951,48.11198,-1.67429,47.94112,-1.22869
1951,47.47381,-0.54774,47.47381,-0.54774
1951,45.86278,1.17944,45.86278,1.17944
1951,45.77966,3.08628,45.77966,3.08628
1951,45.15,1.53333,45.15,1.53333
1951,44.19991,0.62664,44.19991,0.62664
1951,43.71032,-1.05366,43.71032,-1.05366
1951,43.23333,0.08333,43.23333,0.08333
1951,42.79079,0.59315,42.79079,0.59315
1951,43.21351,2.35162,43.21351,2.35162
1951,43.61092,3.87723,43.61092,3.87723
1951,43.94834,4.80892,43.94834,4.80892
1951,43.29695,5.38107,43.29695,5.38107
1951,44.56151,6.08106,44.56151,6.08106
1951,44.89978,6.64201,44.89978,6.64201
1951,45.69173,5.90863,45.69173,5.90863
1951,46.20222,6.14569,46.20222,6.14569
1951,47.31667,5.01667,47.31667,5.01667
1952,48.11198,-1.67429,48.11198,-1.67429
1952,48.00039,0.20471,48.00039,0.20471
1952,49.44313,1.09932,49.44313,1.09932
1952,50.69421,3.17456,50.69421,3.17456
1952,50.4669,4.86746,50.4669,4.86746
1952,49.11911,6.17269,49.11911,6.17269
1952,48.68439,6.18496,48.68439,6.18496
1952,47.75,7.33333,47.75,7.33333
1952,46.516,6.63282,46.516,6.63282
1952,45.088,6.085,45.05485,6.02984
1952,44.95864,6.87751,44.95864,6.87751
1952,43.73333,7.41667,43.73333,7.41667
1952,43.5283,5.44973,43.5283,5.44973
1952,43.94834,4.80892,43.94834,4.80892
1952,42.69764,2.89541,42.69764,2.89541
1952,43.60426,1.44367,43.60426,1.44367
1952,43.06667,0.15,43.06667,0.15
1952,43.3,-0.36667,43.3,-0.36667
1952,44.84044,-0.5805,44.84044,-0.5805
1952,45.86278,1.17944,45.86278,1.17944
1952,45.77252,2.96408,45.77966,3.08628
1952,46.16969,3.40374,46.16969,3.40374
1953,49.11911,6.17269,49.11911,6.17269
1953,50.63373,5.56749,50.63373,5.56749
1953,50.63297,3.05858,50.63297,3.05858
1953,49.93333,1.08333,49.93333,1.08333
1953,49.18585,-0.35912,49.18585,-0.35912
1953,48.00039,0.20471,48.00039,0.20471
1953,47.21725,-1.55336,47.21725,-1.55336
1953,44.84044,-0.5805,44.84044,-0.5805
1953,43.3,-0.36667,43.3,-0.36667
1953,42.88333,-0.11667,42.88333,-0.11667
1953,42.79079,0.59315,42.79079,0.59315
1953,43.9298,2.148,43.9298,2.148
1953,43.34122,3.21402,43.34122,3.21402
1953,43.83378,4.35962,43.83378,4.35962
1953,43.29695,5.38107,43.29695,5.38107
1953,43.73333,7.41667,43.73333,7.41667
1953,44.56151,6.08106,44.56151,6.08106
1953,44.89978,6.64201,44.89978,6.64201
1953,45.74846,4.84671,45.74846,4.84671
1953,45.43389,4.39,45.43389,4.39
1953,46.33333,2.6,46.33333,2.6
1954,51.2912,4.49182,51.21187,4.25633
1954,50.63297,3.05858,50.63297,3.05858
1954,49.44313,1.09932,49.44313,1.09932
1954,49.33064,1.0045833,49.44313,1.09932
1954,49.18585,-0.35912,49.18585,-0.35912
1954,48.51513,-2.76838,48.51513,-2.76838
1954,48.39029,-4.48628,48.39029,-4.48628
1954,47.6579,-2.75574,47.6579,-2.75574
1954,47.47381,-0.54774,47.47381,-0.54774
1954,44.84044,-0.5805,44.84044,-0.5805
1954,43.48333,-1.48333,43.48333,-1.48333
1954,43.3,-0.36667,43.3,-0.36667
1954,42.79079,0.59315,42.79079,0.59315
1954,43.60426,1.44367,43.60426,1.44367
1954,44.1,3.08333,44.1,3.08333
1954,45.04366,3.88523,45.04366,3.88523
1954,45.74846,4.84671,45.74846,4.84671
1954,45.17155,5.72239,45.17155,5.72239
1954,44.89978,6.64201,44.89978,6.64201
1954,45.69173,5.90863,45.69173,5.90863
1954,47.248779999999996,6.01815,47.248779999999996,6.01815
1954,48.18324,6.45304,48.18324,6.45304
1954,48.68439,6.18496,48.68439,6.18496
1954,48.30073,4.08524,48.30073,4.08524
1955,49.93333,1.08333,49.93333,1.08333
1955,50.69421,3.17456,50.69421,3.17456
1955,50.4669,4.86746,50.4669,4.86746
1955,49.11911,6.17269,49.11911,6.17269
1955,48.08078,7.35584,48.08078,7.35584
1955,47.36667,8.55,47.36667,8.55
1955,46.36667,6.48333,46.36667,6.48333
1955,44.89978,6.64201,44.89978,6.64201
1955,43.73333,7.41667,43.73333,7.41667
1955,43.29695,5.38107,43.29695,5.38107
1955,43.94834,4.80892,43.94834,4.80892
1955,44.1,3.08333,44.1,3.08333
1955,43.9298,2.148,43.9298,2.148
1955,43.18396,3.00141,43.18396,3.00141
1955,42.71968,1.83845,42.71968,1.83845
1955,43.60426,1.44367,43.60426,1.44367
1955,43.11667,0.73333,43.11667,0.73333
1955,43.3,-0.36667,43.3,-0.36667
1955,44.84044,-0.5805,44.84044,-0.5805
1955,46.58333,0.33333,46.8,0.53333
1955,47.35223,0.66905,47.35223,0.66905
1956,50.63373,5.56749,50.63373,5.56749
1956,50.63297,3.05858,50.63297,3.05858
1956,49.44313,1.09932,46.863,3.166
1956,46.863,3.166,49.44313,1.09932
1956,49.18585,-0.35912,49.18585,-0.35912
1956,48.65,-2.01667,48.65,-2.01667
1956,47.75,-3.36667,47.75,-3.36667
1956,47.47381,-0.54774,47.47381,-0.54774
1956,46.16667,-1.15,46.16667,-1.15
1956,44.84044,-0.5805,44.84044,-0.5805
1956,43.48333,-1.48333,43.48333,-1.48333
1956,43.3,-0.36667,43.3,-0.36667
1956,42.79079,0.59315,42.79079,0.59315
1956,43.60426,1.44367,43.60426,1.44367
1956,43.61092,3.87723,43.61092,3.87723
1956,43.5283,5.44973,43.5283,5.44973
1956,44.56151,6.08106,44.56151,6.08106
1956,45.07049,7.68682,45.07049,7.68682
1956,45.17155,5.72239,45.17155,5.72239
1956,45.43389,4.39,45.43389,4.39
1956,45.74846,4.84671,45.74846,4.84671
1956,46.33333,2.6,46.33333,2.6
1957,48.83792,-1.59714,48.83792,-1.59714
1957,49.18585,-0.35912,49.18585,-0.35912
1957,49.18585,-0.35912,49.18585,-0.35912
1957,49.44313,1.09932,49.44313,1.09932
1957,50.69421,3.17456,50.69421,3.17456
1957,50.41136,4.44448,50.41136,4.44448
1957,49.11911,6.17269,49.11911,6.17269
1957,48.08078,7.35584,48.08078,7.35584
1957,47.248779999999996,6.01815,47.248779999999996,6.01815
1957,46.36667,6.48333,46.36667,6.48333
1957,44.89978,6.64201,44.89978,6.64201
1957,43.55135,7.01275,43.55135,7.01275
1957,43.29695,5.38107,43.29695,5.38107
1957,44.12489,4.08082,44.12489,4.08082
1957,42.69764,2.89541,42.69764,2.89541
1957,41.38879,2.15899,41.36417,2.1580556
1957,41.36417,2.1580556,41.38879,2.15899
1957,42.71968,1.83845,42.71968,1.83845
1957,43.11667,0.73333,43.11667,0.73333
1957,43.3,-0.36667,43.3,-0.36667
1957,44.84044,-0.5805,44.84044,-0.5805
1957,44.91667,-0.23333,44.91667,-0.23333
1957,47.35223,0.66905,47.35223,0.66905
1958,51.05,3.71667,51.05,3.71667
1958,51.03297,2.377,51.03297,2.377
1958,50.06538,1.3881,50.06056,1.37111
1958,48.80359,2.13424,48.80359,2.13424
1958,49.18585,-0.35912,49.18585,-0.35912
1958,48.51513,-2.76838,48.51513,-2.76838
1958,48.39029,-4.48628,48.2,-4.08333
1958,48.2,-4.08333,48,-4.1
1958,47.28333,-2.2,47.28333,-2.2
1958,45.62846,-1.0281,45.62846,-1.0281
1958,44.84044,-0.5805,44.84044,-0.5805
1958,43.71032,-1.05366,43.71032,-1.05366
1958,43.3,-0.36667,43.3,-0.36667
1958,42.79079,0.59315,42.79079,0.59315
1958,43.60426,1.44367,43.60426,1.44367
1958,43.34122,3.21402,43.34122,3.21402
1958,43.83378,4.35962,44.12432,5.1804
1958,44.17346,5.27829,44.05,5.05
1958,44.56151,6.08106,44.56151,6.08106
1958,44.89978,6.64201,44.89978,6.64201
1958,45.69173,5.90863,45.69173,5.90863
1958,47.248779999999996,6.01815,47.248779999999996,6.01815
1958,47.31667,5.01667,47.31667,5.01667
1959,49.11911,6.17269,49.11911,6.17269
1959,50.4669,4.86746,50.4669,4.86746
1959,50.69421,3.17456,50.69421,3.17456
1959,49.44313,1.09932,49.44313,1.09932
1959,48.11198,-1.67429,47.47655,-1.76285
1959,47.21725,-1.55336,47.21725,-1.55336
1959,46.16667,-1.15,46.16667,-1.15
1959,44.84044,-0.5805,44.84044,-0.5805
1959,43.48333,-1.48333,43.48333,-1.48333
1959,43.06667,0.15,43.06667,0.15
1959,43.11667,0.73333,43.11667,0.73333
1959,43.9298,2.148,43.9298,2.148
1959,44.9214,2.43732,44.9214,2.43732
1959,45.77966,3.08628,45.77252,2.96408
1959,45.77252,2.96408,45.77966,3.08628
1959,45.43389,4.39,45.43389,4.39
1959,45.17155,5.72239,45.17155,5.72239
1959,45.75082,7.64815,45.75082,7.64815
1959,45.91971,6.14393,45.91971,6.14393
1959,46.78333,4.85,46.99923,5.15138
1959,47.31667,5.01667,47.31667,5.01667
1960,50.85045,4.34878,50.85045,4.34878
1960,51.03297,2.377,51.03297,2.377
1960,49.93333,1.08333,49.93333,1.08333
1960,49.18585,-0.35912,49.18585,-0.35912
1960,48.65,-2.01667,48.65,-2.01667
1960,47.75,-3.36667,47.75,-3.36667
1960,47.47381,-0.54774,47.47381,-0.54774
1960,45.86278,1.17944,45.86278,1.17944
1960,44.84044,-0.5805,43.89022,-0.49713
1960,43.3,-0.36667,43.3,-0.36667
1960,42.79079,0.59315,42.79079,0.59315
1960,43.60426,1.44367,43.60426,1.44367
1960,44.1,3.08333,44.1,3.08333
1960,43.94834,4.80892,43.94834,4.80892
1960,44.56151,6.08106,44.56151,6.08106
1960,44.89978,6.64201,44.89978,6.64201
1960,45.69173,5.90863,45.69173,5.90863
1960,46.36667,6.48333,46.90347,6.35542
1960,47.248779999999996,6.01815,47.248779999999996,6.01815
1960,48.30073,4.08524,48.30073,4.08524
1961,48.80359,2.13424,49.05,2.1
1961,50.69421,3.17456,50.69421,3.17456
1961,50.41136,4.44448,50.41136,4.44448
1961,49.11911,6.17269,49.11911,6.17269
1961,48.58392,7.74553,48.58392,7.74553
1961,47.63883,6.85419,47.63883,6.85419
1961,46.78333,4.85,46.78333,4.85
1961,45.43389,4.39,45.43389,4.39
1961,45.17155,5.72239,45.17155,5.72239
1961,45.07049,7.68682,45.07049,7.68682
1961,43.56241,7.12777,43.56241,7.12777
1961,43.5283,5.44973,43.5283,5.44973
1961,43.61092,3.87723,43.61092,3.87723
1961,42.69764,2.89541,42.69764,2.89541
1961,43.60426,1.44367,43.60426,1.44367
1961,42.76808,0.57749,42.79079,0.59315
1961,43.3,-0.36667,43.3,-0.36667
1961,44.84044,-0.5805,44.85,0.48333
1961,45.18333,0.71667,45.18333,0.71667
1961,47.35223,0.66905,47.35223,0.66905
1962,50.48375,5.86674,50.48375,5.86674
1962,51.17655,4.83248,51.17655,4.83248
1962,51.17655,4.83248,50.85045,4.34878
1962,49.9,2.3,49.9,2.3
1962,49.4938,0.10767,49.28912,0.19161
1962,48.65,-2.01667,48.63143,-2.06144
1962,48.39029,-4.48628,48,-4.1
1962,47.28333,-2.2,47.28333,-2.2
1962,46.45773,-1.16512,46.45773,-1.16512
1962,46.16667,-1.15,46.16667,-1.15
1962,44.84044,-0.5805,44.84044,-0.5805
1962,43.48333,-1.48333,43.48333,-1.48333
1962,43.3,-0.36667,43.3,-0.36667
1962,43.11667,0.73333,42.79079,0.59315
1962,42.76808,0.57749,42.79079,0.59315
1962,43.21351,2.35162,43.21351,2.35162
1962,43.61092,3.87723,43.61092,3.87723
1962,43.5283,5.44973,43.5283,5.44973
1962,43.56241,7.12777,43.56241,7.12777
1962,44.89978,6.64201,44.89978,6.64201
1962,45.69173,5.90863,45.58333,5.28333
1962,45.74846,4.84671,45.74846,4.84671
1962,46.98956,3.159,46.98956,3.159
1963,49.05,3.95,49.29162,4.11921
1963,50.45636,4.87166,50.45636,4.87166
1963,50.45636,4.87166,50.45636,4.87166
1963,50.69421,3.17456,50.69421,3.17456
1963,49.44313,1.09932,49.44313,1.09932
1963,48.11198,-1.67429,48.11198,-1.67429
1963,47.47381,-0.54774,47.47381,-0.54774
1963,47.47381,-0.54774,47.47381,-0.54774
1963,45.86278,1.17944,45.86278,1.17944
1963,44.84044,-0.5805,44.84044,-0.5805
1963,43.3,-0.36667,43.3,-0.36667
1963,43.06667,0.15,43.06667,0.15
1963,42.79079,0.59315,42.79079,0.59315
1963,43.60426,1.44367,43.60426,1.44367
1963,44.9214,2.43732,44.9214,2.43732
1963,45.43389,4.39,45.43389,4.39
1963,45.17155,5.72239,45.17155,5.72239
1963,45.44972,6.9781,45.44972,6.9781
1963,45.92375,6.86933,45.92375,6.86933
1963,46.67535,5.55575,46.90311,5.77454
1963,47.248779999999996,6.01815,47.248779999999996,6.01815
1963,48.30073,4.08524,48.30073,4.08524
1964,49.1466,0.22925,49.1466,0.22925
1964,49.9,2.3,49.9,2.3
1964,50.81678,4.32775,50.81678,4.32775
1964,50.81678,4.32775,50.81678,4.32775
1964,49.11911,6.17269,48.6,6.5
1964,47.9959,7.85222,47.9959,7.85222
1964,47.248779999999996,6.01815,47.248779999999996,6.01815
1964,46.36667,6.48333,46.36667,6.48333
1964,44.89978,6.64201,44.89978,6.64201
1964,43.73333,7.41667,43.73333,7.41667
1964,43.12038,6.12857,43.12038,6.12857
1964,43.12442,5.92836,43.12442,5.92836
1964,43.61092,3.87723,43.61092,3.87723
1964,42.69764,2.89541,42.69764,2.89541
1964,42.50779,1.52109,42.50779,1.52109
1964,43.60426,1.44367,43.60426,1.44367
1964,42.79079,0.59315,42.79079,0.59315
1964,43.3,-0.36667,43.54886,-1.11574
1964,43.48333,-1.48333,43.48333,-1.48333
1964,44.84044,-0.5805,44.84044,-0.5805
1964,45.15,1.53333,45.15,1.53333
1964,45.77252,2.96408,45.77966,3.08628
1964,47.90289,1.90389,47.90289,1.90389
1964,48.80359,2.13424,48.80359,2.13424
1965,50.63373,5.56749,50.63373,5.56749
1965,50.69421,3.17456,50.69421,3.17456
1965,49.44313,1.09932,49.18585,-0.35912
1965,48.51513,-2.76838,48.51513,-2.76838
1965,48.2,-4.08333,48.2,-4.08333
1965,48.2,-4.08333,48,-4.1
1965,47.29221,-2.36395,47.29221,-2.36395
1965,46.16667,-1.15,46.16667,-1.15
1965,44.84044,-0.5805,43.71032,-1.05366
1965,43.06667,0.15,43.06667,0.15
1965,42.71968,1.83845,42.71968,1.83845
1965,41.38879,2.15899,41.38879,2.15899
1965,42.69764,2.89541,42.69764,2.89541
1965,43.61092,3.87723,43.61092,3.87723
1965,44.17346,5.27829,44.05,5.05
1965,44.56151,6.08106,44.56151,6.08106
1965,44.89978,6.64201,44.89978,6.64201
1965,45.69173,5.90863,45.69173,5.90863
1965,45.67097,5.97218,45.69173,5.90863
1965,45.74846,4.84671,45.74846,4.84671
1965,47.7996,3.57033,47.7996,3.57033
1965,48.80359,2.13424,48.80359,2.13424
1966,49.7685,4.72487,49.7685,4.72487
1966,50.60715,3.38932,50.60715,3.38932
1966,50.60715,3.38932,50.60715,3.38932
1966,51.03297,2.377,51.03297,2.377
1966,49.93333,1.08333,49.93333,1.08333
1966,49.18585,-0.35912,49.18585,-0.35912
1966,47.47381,-0.54774,47.47381,-0.54774
1966,45.62846,-1.0281,45.62846,-1.0281
1966,44.84044,-0.5805,44.84044,-0.5805
1966,43.48333,-1.48333,43.48333,-1.48333
1966,43.3,-0.36667,43.3,-0.36667
1966,42.79079,0.59315,42.79079,0.59315
1966,43.45812,2.00469,43.45812,2.00469
1966,43.4028,3.69278,43.61092,3.87723
1966,44.66387,4.36861,44.66387,4.36861
1966,44.66387,4.36861,44.73394,4.59701
1966,45.05485,6.02984,45.05485,6.02984
1966,44.89978,6.64201,44.89978,6.64201
1966,45.07049,7.68682,45.46723,7.87617
1966,45.92375,6.86933,45.92375,6.86933
1966,45.43389,4.39,45.43389,4.39
1966,46.33333,2.6,46.33333,2.6
1966,47.90289,1.90389,47.90289,1.90389
1966,48.65,1.83333,48.65,1.83333
1967,47.47381,-0.54774,47.47381,-0.54774
1967,48.65,-2.01667,48.65,-2.01667
1967,49.18585,-0.35912,49.18585,-0.35912
1967,49.9,2.3,49.9,2.3
1967,50.69421,3.17456,50.69421,3.17456
1967,50.45636,4.87166,50.45636,4.87166
1967,50.45636,4.87166,50.45636,4.87166
1967,49.11911,6.17269,49.11911,6.17269
1967,48.58392,7.74553,48.58392,7.74553
1967,47.63883,6.85419,47.63883,6.85419
1967,46.35938,6.13574,46.35938,6.13574
1967,44.89978,6.64201,44.89978,6.64201
1967,44.09252,6.23199,44.09252,6.23199
1967,43.29695,5.38107,43.29695,5.38107
1967,44.05,5.05,44.05,5.05
1967,43.4028,3.69278,43.4028,3.69278
1967,43.60426,1.44367,43.60426,1.44367
1967,42.79079,0.59315,42.79079,0.59315
1967,43.3,-0.36667,43.3,-0.36667
1967,44.84044,-0.5805,44.84044,-0.5805
1967,45.86278,1.17944,45.86278,1.17944
1967,45.77252,2.96408,45.77966,3.08628
1967,48.4,2.7,48.4,2.7
1967,48.80359,2.13424,48.80359,2.13424
1968,48.20085,5.94843,48.20085,5.94843
1968,49.49583,5.98056,49.68333,5.81667
1968,50.81678,4.32775,50.81678,4.32775
1968,50.81678,4.32775,50.81678,4.32775
1968,50.69421,3.17456,50.69421,3.17456
1968,49.44313,1.09932,49.44313,1.09932
1968,48.5572,-0.41383,48.5572,-0.41383
1968,48.63143,-2.06144,48.63143,-2.06144
1968,47.75,-3.36667,47.75,-3.36667
1968,47.21725,-1.55336,47.21725,-1.55336
1968,45.62846,-1.0281,45.62846,-1.0281
1968,44.84044,-0.5805,44.84044,-0.5805
1968,43.48333,-1.48333,43.48333,-1.48333
1968,43.3,-0.36667,43.3,-0.36667
1968,43.11667,0.73333,43.11667,0.73333
1968,42.35877,1.46144,42.35877,1.46144
1968,42.69764,2.89541,42.50552,2.04011
1968,43.9298,2.148,43.9298,2.148
1968,44.9214,2.43732,44.9214,2.43732
1968,45.43389,4.39,45.43389,4.39
1968,45.17155,5.72239,45.17155,5.72239
1968,45.94423,6.63162,45.94423,6.63162
1968,47.248779999999996,6.01815,47.248779999999996,6.01815
1968,47.7996,3.57033,47.7996,3.57033
1968,48.5457,2.65356,48.5457,2.65356
1969,50.69421,3.17456,50.69421,3.17456
1969,50.85505,4.37067,50.85505,4.37067
1969,50.85505,4.37067,50.85505,4.37067
1969,50.84833,5.68889,50.84833,5.68889
1969,49.7685,4.72487,49.7685,4.72487
1969,48.68439,6.18496,48.68439,6.18496
1969,47.75,7.33333,47.75,7.33333
1969,47.63883,6.85419,47.63883,6.85419
1969,46.35938,6.13574,46.35938,6.13574
1969,46.35938,6.13574,46.35938,6.13574
1969,46.36667,6.48333,46.36667,6.48333
1969,45.92375,6.86933,45.92375,6.86933
1969,44.89978,6.64201,44.89978,6.64201
1969,44.09252,6.23199,44.09252,6.23199
1969,43.29276,5.57067,43.29276,5.57067
1969,43.56667,4.08333,43.56667,4.08333
1969,43.45812,2.00469,43.45812,2.00469
1969,43.45812,2.00469,43.31829,1.95449
1969,42.79079,0.59315,42.79079,0.59315
1969,43.38333,-0.6,43.38333,-0.6
1969,44.84044,-0.5805,44.84044,-0.5805
1969,45.15,1.53333,45.15,1.53333
1969,45.77252,2.96408,45.77966,3.08628
1969,48,2.75,48,2.75
1969,48.79266,2.46569,48.79266,2.46569
1970,45.86278,1.17944,45.86278,1.17944
1970,46.16667,-1.15,46.16667,-1.15
1970,47.47381,-0.54774,47.47381,-0.54774
1970,47.47381,-0.54774,47.47381,-0.54774
1970,48.11198,-1.67429,48.11198,-1.67429
1970,49.1466,0.22925,49.1466,0.22925
1970,49.44313,1.09932,49.44313,1.09932
1970,49.9,2.3,49.9,2.3
1970,50.35,3.53333,50.35,3.53333
1970,50.81678,4.32775,50.81678,4.32775
1970,50.81678,4.32775,50.29449,5.10015
1970,51.13763,9.42139,49.31366,6.75154
1970,47.75,7.33333,47.63883,6.85419
1970,46.35938,6.13574,46.35938,6.13574
1970,46.35938,6.13574,46.35938,6.13574
1970,46.36667,6.48333,46.36667,6.48333
1970,45.17155,5.72239,45.17155,5.72239
1970,44.56151,6.08106,44.56151,6.08106
1970,44.17346,5.27829,44.05,5.05
1970,43.61092,3.87723,43.61092,3.87723
1970,43.60426,1.44367,43.60426,1.44367
1970,43.11667,0.73333,43.11667,0.73333
1970,42.91124,0.17801,43.06667,0.15
1970,43.38333,-0.6,43.38333,-0.6
1970,44.84044,-0.5805,44.84044,-0.5805
1970,44.84044,-0.5805,46.02877,0.19821
1970,47.35223,0.66905,47.35223,0.66905
1970,48.80359,2.13424,48.80359,2.13424
1971,47.75,7.33333,47.75,7.33333
1971,47.55839,7.57327,47.55839,7.57327
1971,47.9959,7.85222,47.9959,7.85222
1971,47.75,7.33333,47.75,7.33333
1971,48.58392,7.74553,48.58392,7.74553
1971,48.68439,6.18496,48.68439,6.18496
1971,50.22678,5.34416,50.25807,4.91166
1971,50.69421,3.17456,50.69421,3.17456
1971,49.9,2.3,49.9,2.3
1971,50.51738,1.62059,48.74607,2.35275
1971,46.98956,3.159,46.98956,3.159
1971,45.77252,2.96408,45.77966,3.08628
1971,45.43389,4.39,45.43389,4.39
1971,45.17155,5.72239,45.17155,5.72239
1971,44.68391,6.32583,44.68391,6.32583
1971,43.29695,5.38107,43.9298,2.148
1971,43.9298,2.148,43.45812,2.00469
1971,42.79079,0.59315,42.79079,0.59315
1971,42.76808,0.57749,42.79079,0.59315
1971,42.96667,-0.33333,42.96667,-0.33333
1971,43.3,-0.36667,43.89022,-0.49713
1971,44.84044,-0.5805,44.84044,-0.5805
1971,46.58333,0.33333,47.59432,1.32912
1971,48.80359,2.13424,48.80359,2.13424
1972,47.47381,-0.54774,47.47381,-0.54774
1972,48.51513,-2.76838,48.51513,-2.76838
1972,47.29221,-2.36395,47.26682,-2.33794
1972,46.79088,-2.08219,46.71308,-1.92583
1972,46.71308,-1.92583,46.71308,-1.92583
1972,45.62846,-1.0281,45.62846,-1.0281
1972,44.84044,-0.5805,44.84044,-0.5805
1972,44.84044,-0.5805,44.84044,-0.5805
1972,43.48333,-1.48333,43.48333,-1.48333
1972,43.3,-0.36667,43.3,-0.36667
1972,42.79079,0.59315,42.79079,0.59315
1972,43.61058,1.33467,43.6,2.25
1972,43.56667,4.08333,43.54699,3.97877
1972,44.17346,5.27829,44.05,5.05
1972,44.68391,6.32583,44.68391,6.32583
1972,44.89978,6.64201,44.89978,6.64201
1972,45.16565,6.42994,45.16565,6.42994
1972,45.69173,5.90863,45.69173,5.90863
1972,45.67097,5.97218,45.69173,5.90863
1972,46.90347,6.35542,46.90347,6.35542
1972,47.63883,6.85419,47.62604,6.14251
1972,47.7996,3.57033,47.7996,3.57033
1972,48.80359,2.13424,48.80359,2.13424
1972,48.80359,2.13424,48.80359,2.13424
1973,52.10461,4.27557,52.10461,4.27557
1973,51.9225,4.47917,51.9225,4.47917
1973,51.16509,4.1437,51.16509,4.1437
1973,51.16509,4.1437,51.16509,4.1437
1973,50.69421,3.17456,50.69421,3.17456
1973,49.29162,4.11921,49.29162,4.11921
1973,48.68439,6.18496,48.68439,6.18496
1973,47.75,7.33333,47.75,7.33333
1973,46.35938,6.13574,46.35938,6.13574
1973,46.1853,6.20693,46.1853,6.20693
1973,45.41497,6.565,45.48333,6.53333
1973,44.51395,6.54991,44.56387,6.49526
1973,43.70313,7.26608,43.70313,7.26608
1973,43.29276,5.57067,43.61092,3.87723
1973,42.54714,3.02253,42.69764,2.89541
1973,42.6329,2.75471,42.6329,2.75471
1973,42.52092,2.06161,42.43416,1.94391
1973,42.79079,0.59315,42.79079,0.59315
1973,43.3,-0.36667,43.3,-0.36667
1973,43.84824,0.66302,43.84824,0.66302
1973,44.84044,-0.5805,44.84044,-0.5805
1973,44.84044,-0.5805,44.83333,0.21667
1973,45.15,1.53333,45.15,1.53333
1973,45.77252,2.96408,47.08333,2.4
1973,48.80359,2.13424,48.80359,2.13424
1973,48.80359,2.13424,48.80359,2.13424
1974,48.39029,-4.48628,48.39029,-4.48628
1974,48.68333,-3.98333,50.37153,-4.14305
1974,50.37153,-4.14305,48.58333,-3.83333
1974,48.65,-2.01667,48.65,-2.01667
1974,49.18585,-0.35912,49.18585,-0.35912
1974,49.93333,1.08333,49.93333,1.08333
1974,50.85343,3.30935,50.85343,3.30935
1974,50.85343,3.30935,50.45413,3.95229
1974,48.95393,4.36724,48.95393,4.36724
1974,48.11121,5.14134,48.11121,5.14134
1974,47.248779999999996,6.01815,47.248779999999996,6.01815
1974,46.1853,6.20693,46.1853,6.20693
1974,45.69173,5.90863,45.69173,5.90863
1974,44.94,6.56,44.5265,6.40434
1974,44.1392,4.80791,43.94834,4.80892
1974,43.61092,3.87723,43.71667,3.31667
1974,43.61058,1.33467,43.61058,1.33467
1974,42.35877,1.46144,42.35877,1.46144
1974,42.81611,0.322778,42.81713,0.32238
1974,42.91124,0.17801,43.06667,0.15
1974,43.3,-0.36667,43.3,-0.36667
1974,44.84044,-0.5805,44.84044,-0.5805
1974,44.84044,-0.5805,46.69761,-1.94561
1974,47.21725,-1.55336,47.41087,0.79892
1974,47.90289,1.90389,47.90289,1.90389
1974,47.90289,1.90389,47.90289,1.90389
1975,50.41136,4.44448,50.41136,4.44448
1975,50.8499,4.31248,50.8499,4.31248
1975,50.69421,3.17456,50.69421,3.17456
1975,49.9,2.3,49.9,2.3
1975,48.80359,2.13424,48.80359,2.13424
1975,48.00039,0.20471,47.83765,-0.33294
1975,46.71308,-1.92583,46.71308,-1.92583
1975,46.71308,-1.92583,46.69761,-1.94561
1975,45.65,0.15,45.65,0.15
1975,44.84044,-0.5805,44.55,-0.25
1975,43.84824,0.66302,43.84824,0.66302
1975,43.6454,0.58793,43.6454,0.58793
1975,43.3,-0.36667,43.3,-0.36667
1975,42.81611,0.322778,43.23333,0.08333
1975,43.9298,2.148,43.9298,2.148
1975,45.08333,2.75,44.9214,2.43732
1975,45.77252,2.96408,43.70313,7.26608
1975,44.37043,6.60476,44.38691,6.65179
1975,44.94,6.56,45.16565,6.42994
1975,46.1789,6.7089,46.18149,6.70664
1975,46.26658,6.84229,46.36667,6.48333
1975,46.78333,4.85,47.26238,4.55583
1975,48.5457,2.65356,48.5457,2.65356
1975,49.2,2.58333,48.85341,2.3488
1976,46.79088,-2.08219,46.79088,-2.08219
1976,47.47381,-0.54774,47.47381,-0.54774
1976,49.18585,-0.35912,50.51738,1.62059
1976,50.51738,1.62059,50.51738,1.62059
1976,51.09716,4.24364,50.87959,4.70093
1976,50.87959,4.70093,50.87959,4.70093
1976,50.58907,5.86241,50.00347,5.71844
1976,48.68439,6.18496,48.68439,6.18496
1976,47.75,7.33333,47.46388,6.83168
1976,46.35938,6.13574,46.35938,6.13574
1976,45.088,6.085,45.05485,6.02984
1976,44.93101,6.72015,44.93101,6.72015
1976,43.82883,5.78688,42.78773,3.03656
1976,42.52092,2.06161,42.50552,2.04011
1976,43.11667,0.73333,43.11667,0.73333
1976,42.81713,0.32238,42.81713,0.32238
1976,43.3,-0.36667,43.3,-0.36667
1976,43.84824,0.66302,43.84824,0.66302
1976,43.6454,0.58793,43.6454,0.58793
1976,44.55,-0.25,44.55,-0.25
1976,44.97779,-1.0762100000000001,44.97779,-1.0762100000000001
1976,44.84044,-0.5805,44.83333,0.21667
1976,45.27001,1.77309,45.27001,1.77309
1976,45.77252,2.96408,48,2.75
1976,48.80359,2.13424,48.85341,2.3488
1976,48.85341,2.3488,48.85341,2.3488
1977,43.84824,0.66302,43.84824,0.66302
1977,43.6454,0.58793,43.6454,0.58793
1977,43.3,-0.36667,43.19441,-0.61069
1977,42.84998,-2.67268,42.84998,-2.67268
1977,43.6922,-1.43324,44.03536,-0.91375
1977,44.84044,-0.5805,44.84044,-0.5805
1977,44.84044,-0.5805,44.84044,-0.5805
1977,45.86278,1.17944,46.68453,0.37128
1977,47.47381,-0.54774,47.47381,-0.54774
1977,47.47381,-0.54774,47.47381,-0.54774
1977,47.75,-3.36667,47.75,-3.36667
1977,48.11198,-1.67429,48.5572,-0.41383
1977,49.44313,1.09932,49.44313,1.09932
1977,50.69421,3.17456,50.69421,3.17456
1977,50.41136,4.44448,47.9959,7.85222
1977,47.9959,7.85222,47.61667,7.25
1977,47.248779999999996,6.01815,47.248779999999996,6.01815
1977,46.36667,6.48333,46.36667,6.48333
1977,46.18149,6.70664,46.18149,6.70664
1977,46.19243,6.77341,46.18149,6.70664
1977,45.92375,6.86933,45.92375,6.86933
1977,45.088,6.085,45.36417,5.590556
1977,45.43389,4.39,46.07233,4.89755
1977,47.31667,5.01667,47.31667,5.01667
1977,47.31667,5.01667,48.38333,2.95
1977,48.80359,2.13424,48.85341,2.3488
1977,48.85341,2.3488,48.85341,2.3488
1978,52.15833,4.49306,52.15833,4.49306
1978,51.54833,4.58889,51.54833,4.58889
1978,50.85045,4.34878,50.85045,4.34878
1978,50.44718,3.43076,50.44718,3.43076
1978,48.9,2.08333,49.02414,1.15082
1978,49.18585,-0.35912,49.18585,-0.35912
1978,47.469,-0.2764167,47.469,-0.2764167
1978,46.58333,0.33333,46.58333,0.33333
1978,44.84044,-0.5805,44.88333,-0.15
1978,44.83333,0.21667,44.84044,-0.5805
1978,43.48012,-1.55558,43.48012,-1.55558
1978,43.3,-0.36667,43.3,-0.36667
1978,42.81611,0.322778,43.23333,0.08333
1978,44.10823,0.89101,44.10823,0.89101
1978,43.60426,1.44367,44.6,2.03333
1978,45.50788,2.86215,45.51667,2.93333
1978,45.77252,2.96408,45.67757,3.48243
1978,45.43389,4.39,45.43389,4.39
1978,45.088,6.085,45.17155,5.72239
1978,46.18149,6.70664,46.18149,6.70664
1978,46.516,6.63282,46.516,6.63282
1978,47.63883,6.85419,49.11911,6.17269
1978,48.68439,6.18496,49.05,3.95
1978,49.2,2.58333,48.9,2.08333
1979,43.84824,0.66302,43.84824,0.66302
1979,42.79079,0.59315,42.79079,0.59315
1979,42.76808,0.57749,42.79079,0.59315
1979,43.3,-0.36667,44.29167,-0.26
1979,44.84044,-0.5805,46.68333,0.25
1979,47.47381,-0.54774,47.47381,-0.54774
1979,48.51513,-2.76838,48.577,-1.09004
1979,49.357,0.06995,49.357,0.06995
1979,49.4938,0.10767,49.9,2.3
1979,50.69421,3.17456,50.69421,3.17456
1979,50.85045,4.34878,50.85045,4.34878
1979,50.85045,4.34878,50.1631,5.2216
1979,49.11911,6.17269,49.11911,6.17269
1979,47.823,6.846,47.63883,6.85419
1979,46.40111,6.58793,46.40111,6.58793
1979,46.1789,6.7089,46.1789,6.7089
1979,45.32293,6.53757,45.32293,6.53757
1979,45.088,6.085,45.088,6.085
1979,45.088,6.085,45.088,6.085
1979,45.69613,4.93891,45.69613,4.93891
1979,47.31667,5.01667,47.31667,5.01667
1979,47.31667,5.01667,47.31667,5.01667
1979,47.7996,3.57033,47.7996,3.57033
1979,48.83333,2.48333,48.85,2.5
1980,50.11552,8.68417,50.11552,8.68417
1980,50.08258,8.24932,50.08258,8.24932
1980,50.11552,8.68417,50.11552,8.68417
1980,49.11911,6.17269,49.11911,6.17269
1980,50.63373,5.56749,50.48375,5.86674
1980,50.48375,5.86674,50.63373,5.56749
1980,50.63297,3.05858,50.63297,3.05858
1980,49.41794,2.82606,49.41794,2.82606
1980,49.43333,2.08333,49.43333,2.08333
1980,49.44313,1.09932,48.73722,-0.57466
1980,48.65,-2.01667,48.65,-2.01667
1980,47.21725,-1.55336,45.94117,-0.95411
1980,44.84044,-0.5805,44.29068,0.27694
1980,44.11292,0.52975,44.19991,0.62664
1980,43.3,-0.36667,43.3,-0.36667
1980,42.79079,0.59315,43.19765,2.76142
1980,43.61092,3.87723,43.61092,3.87723
1980,43.40735,5.05526,43.44818,5.68328
1980,44.37043,6.60476,44.94,6.56
1980,46.18149,6.70664,46.18149,6.70664
1980,45.25598,5.99304,45.29476,5.63324
1980,45.43389,4.39,45.43389,4.39
1980,45.43389,4.39,47.7996,3.57033
1980,48.85442,2.48268,48.85442,2.48268
1981,43.70313,7.26608,43.70313,7.26608
1981,43.70313,7.26608,43.70313,7.26608
1981,43.70313,7.26608,43.70313,7.26608
1981,43.40735,5.05526,43.40735,5.05526
1981,43.18396,3.00141,43.18396,3.00141
1981,43.21351,2.35162,43.11667,0.73333
1981,42.81611,0.322778,43.18333,-0.26667
1981,43.3,-0.36667,43.3,-0.36667
1981,44.84044,-0.5805,45.94117,-0.95411
1981,47.21725,-1.55336,47.21725,-1.55336
1981,48.00039,0.20471,48.00039,0.20471
1981,48.93814,2.49402,49.41794,2.82606
1981,50.69421,3.17456,50.69421,3.17456
1981,50.85045,4.34878,50.85045,4.34878
1981,51.02455,5.30983,51.04954,5.22606
1981,50.93106,5.33781,47.75,7.33333
1981,47.75,7.33333,47.248779999999996,6.01815
1981,46.36667,6.48333,46.36667,6.48333
1981,46.18149,6.70664,46.18149,6.70664
1981,45.088,6.085,45.05485,6.02984
1981,45.27327,6.05715,45.27307,5.61319
1981,45.69613,4.93891,45.69613,4.93891
1981,45.69613,4.93891,47.7996,3.57033
1981,48.85442,2.48268,48.85442,2.48268
1982,47.55839,7.57327,47.55839,7.57327
1982,47.55915,7.84329,47.55839,7.57327
1982,48.68439,6.18496,48.68439,6.18496
1982,49.5217,5.76192,50.11042,4.95554
1982,50.74497,3.20639,50.46667,3.23333
1982,50.1325,3.37667,50.63297,3.05858
1982,50.63297,3.05858,48.67667,-1.85194
1982,47.87502,-3.92245,47.87502,-3.92245
1982,48.2,-4.08333,47.75,-3.36667
1982,47.83754,-2.63987,47.83754,-2.63987
1982,47.21725,-1.55336,45.75,-0.63333
1982,44.84044,-0.5805,44.10823,0.89101
1982,44.10823,0.89101,43.84824,0.66302
1982,43.3,-0.36667,43.3,-0.36667
1982,42.81611,0.322778,43.40735,5.05526
1982,43.40735,5.05526,43.82883,5.78688
1982,44.69776,6.3201599999999996,44.69776,6.3201599999999996
1982,45.088,6.085,45.05485,6.02984
1982,46.18149,6.70664,46.18149,6.70664
1982,45.69613,4.93891,45.69613,4.93891
1982,45.69613,4.93891,48.2,3.28333
1982,48.93814,2.49402,48.85442,2.48268
1983,48.85442,2.48268,48.83333,2.48333
1983,48.79266,2.46569,49.38167,3.32361
1983,50.1325,3.37667,50.35,3.53333
1983,50.69421,3.17456,50.69421,3.17456
1983,49.4938,0.10767,49.4938,0.10767
1983,48.00039,0.20471,47.71667,-1.38333
1983,47.21725,-1.55336,47.21725,-1.55336
1983,45.93333,-1.3,46.16667,-1.15
1983,44.84044,-0.5805,44.84044,-0.5805
1983,43.3,-0.36667,43.3,-0.36667
1983,42.79079,0.59315,42.79079,0.59315
1983,43.84824,0.66302,43.84824,0.66302
1983,43.97552,2.99103,43.97552,2.99103
1983,44.9214,2.43732,44.9214,2.43732
1983,45.55,3.25,45.77966,3.08628
1983,45.77252,2.96408,45.55,3.25
1983,45.43389,4.39,45.56667,5.45
1983,45.088,6.085,45.05485,6.02984
1983,46.18149,6.70664,46.18149,6.70664
1983,46.19243,6.77341,46.18149,6.70664
1983,47.31667,5.01667,47.31667,5.01667
1983,47.31667,5.01667,48.80575,2.4204
1984,48.89148,2.46451,48.9018,2.48931
1984,48.93333,2.36667,48.90982,2.45012
1984,50.26427,3.96272,50.26427,3.96272
1984,50.35,3.53333,50.35,3.53333
1984,50.53333,2.63333,50.53333,2.63333
1984,49.03894,2.07805,49.03894,2.07805
1984,48.43476,0.09311,48.43476,0.09311
1984,48.00039,0.20471,48.00039,0.20471
1984,47.21725,-1.55336,47.21725,-1.55336
1984,44.84044,-0.5805,44.55,-0.25
1984,43.3,-0.36667,43.3,-0.36667
1984,42.77965,1.301,42.98333,1.15
1984,43.63276,1.39399,43.63276,1.39399
1984,44.35258,2.57338,44.35258,2.57338
1984,44.40056,4.28917,44.40056,4.28917
1984,45.17155,5.72239,45.42906,5.70835
1984,45.41113,5.80323,45.17155,5.72239
1984,45.088,6.085,45.05485,6.02984
1984,45.5057,6.6803,45.5057,6.6803
1984,46.18149,6.70664,46.18149,6.70664
1984,46.33548,7.51818,46.33548,7.51818
1984,45.98333,4.71667,46.16229,4.68056
1984,45.98333,4.71667,48.89437,2.40935
1985,47.83754,-2.63987,47.6579,-2.75574
1985,47.76132,-3.33965,47.75,-3.36667
1985,48.11776,-1.20577,48.11776,-1.20577
1985,48.35,-1.2,48.35,-1.2
1985,49.35,0.51667,49.73315,1.43956
1985,50.69421,3.17456,50.69421,3.17456
1985,49.29162,4.11921,49.29162,4.11921
1985,48.68439,6.18496,48.73333,7.05
1985,48.58392,7.74553,48.58392,7.74553
1985,48.18324,6.45304,48.18324,6.45304
1985,46.90347,6.35542,46.90347,6.35542
1985,46.1789,6.7089,46.1789,6.7089
1985,45.12793,5.58572,45.0707,5.55281
1985,45.0707,5.55281,45.17703,5.54424
1985,45.43389,4.39,45.43389,4.39
1985,44.9214,2.43732,44.9214,2.43732
1985,43.60426,1.44367,43.60426,1.44367
1985,42.8846,-0.06136,42.87191,-0.00323
1985,42.9739,-0.3908333,42.98826,-0.42658
1985,43.3,-0.36667,43.3,-0.36667
1985,44.84044,-0.5805,45,0.16667
1985,45.86278,1.17944,45.81456,1.85217
1985,45.81456,1.85217,47.90289,1.90389
1986,48.83333,2.25,48.89198,2.20675
1986,48.77644,2.29026,48.81381,2.235
1986,48.77186,2.01891,48.89389,2.28864
1986,50.4198,2.78068,50.4198,2.78068
1986,49.02414,1.15082,49.02414,1.15082
1986,49.32264,2.7e-4,49.32264,2.7e-4
1986,49.63984,-1.61636,49.63984,-1.61636
1986,48.577,-1.09004,48.577,-1.09004
1986,47.21725,-1.55336,47.21725,-1.55336
1986,47.21725,-1.55336,47.21725,-1.55336
1986,46.66304,0.36145,46.66304,0.36145
1986,44.84044,-0.5805,43.48333,-1.48333
1986,43.3,-0.36667,43.3,-0.36667
1986,42.76808,0.57749,42.76808,0.57749
1986,43.63276,1.39399,43.21351,2.35162
1986,43.83378,4.35962,43.83378,4.35962
1986,44.56151,6.08106,44.56151,6.08106
1986,44.94,6.56,44.89978,6.64201
1986,45.088,6.085,45.0707,5.55281
1986,45.43389,4.39,45.43389,4.39
1986,45.43389,4.39,45.43389,4.39
1986,45.77252,2.96408,45.77966,3.08628
1986,46.98956,3.159,47.41101,2.92528
1987,52.53333,13.16667,52.53333,13.16667
1987,52.53333,13.16667,52.53333,13.16667
1987,52.53333,13.16667,49.00937,8.40444
1987,48.78232,9.17702,48.78232,9.17702
1987,48.88436,8.69892,48.88436,8.69892
1987,48.58392,7.74553,48.58392,7.74553
1987,48.18324,6.45304,48.18324,6.45304
1987,48.30073,4.08524,48.30073,4.08524
1987,48.6897,2.51186,47.90289,1.90389
1987,47.7934,-1.05437,47.26667,-0.08333
1987,46.66304,0.36145,46.58333,0.33333
1987,45.45538,1.88107,45.15,1.53333
1987,44.84044,-0.5805,43.48333,-1.48333
1987,43.3,-0.36667,43.3,-0.36667
1987,42.8846,-0.06136,43.23333,0.08333
1987,43.63276,1.39399,43.63276,1.39399
1987,44.1,3.08333,44.1,3.08333
1987,43.94834,4.80892,44.05,5.05
1987,44.17346,5.27829,44.38366,4.99084
1987,45.0707,5.55281,45.0707,5.55281
1987,45.088,6.085,45.05485,6.02984
1987,45.5057,6.6803,45.5057,6.6803
1987,46.18149,6.70664,46.14434,6.08256
1987,47.31667,5.01667,47.31667,5.01667
1987,47.31667,5.01667,48.79266,2.46569
1988,47.29221,-2.36395,47.43694,-2.08778
1988,46.99358,-1.82352,47.15492,-1.39794
1988,47.36667,-1.16667,47.21725,-1.55336
1988,48.00039,0.20471,48.00039,0.20471
1988,49.02414,1.15082,49.73315,1.43956
1988,50.4198,2.78068,50.4198,2.78068
1988,50.67043,3.13382,50.67043,3.13382
1988,49.29162,4.11921,49.29162,4.11921
1988,48.68439,6.18496,48.68439,6.18496
1988,48.58392,7.74553,47.63883,6.85419
1988,47.248779999999996,6.01815,47.248779999999996,6.01815
1988,46.18149,6.70664,46.18149,6.70664
1988,45.088,6.085,45.17155,5.72239
1988,45.0707,5.55281,43.63276,1.39399
1988,42.77965,1.301,42.98333,1.15
1988,42.8846,-0.06136,42.8846,-0.06136
1988,43.3,-0.36667,43.3,-0.36667
1988,44.84044,-0.5805,45.68333,0.23333
1988,45.86278,1.17944,45.86278,1.17944
1988,45.77252,2.96408,45.77966,3.08628
1988,46.78333,4.85,47.56667,1.11667
1988,47.56667,1.11667,48.27511,2.69078
1989,49.60244,6.1332,49.60244,6.1332
1989,49.60244,6.1332,49.60244,6.1332
1989,49.60244,6.1332,49.60244,6.1332
1989,50.48375,5.86674,50.63373,5.56749
1989,50.67043,3.13382,48.63143,-2.06144
1989,48.11198,-1.67429,48.11198,-1.67429
1989,46.66304,0.36145,46.58333,0.33333
1989,44.84044,-0.5805,43.96961,-0.18549
1989,43.3,-0.36667,43.3,-0.36667
1989,42.88333,-0.11667,42.88333,-0.11667
1989,42.76808,0.57749,42.79079,0.59315
1989,43.63276,1.39399,43.60426,1.44367
1989,43.61092,3.87723,43.61092,3.87723
1989,43.29695,5.38107,43.29695,5.38107
1989,44.56151,6.08106,44.56151,6.08106
1989,44.69776,6.3201599999999996,44.56151,6.08106
1989,44.89978,6.64201,44.89978,6.64201
1989,45.088,6.085,45.05485,6.02984
1989,45.0707,5.55281,45.0707,5.55281
1989,45.69173,5.90863,45.69173,5.90863
1989,45.61813,5.23546,48.80359,2.13424
1990,46.66304,0.36145,46.66304,0.36145
1990,46.66304,0.36145,46.66304,0.36145
1990,46.66304,0.36145,46.58333,0.33333
1990,47.21725,-1.55336,47.21725,-1.55336
1990,48.883,-1.564,48.68333,-1.36667
1990,49.44313,1.09932,48.73333,7.05
1990,48.20085,5.94843,48.20085,5.94843
1990,48.18324,6.45304,48.18324,6.45304
1990,47.248779999999996,6.01815,47.248779999999996,6.01815
1990,46.20222,6.14569,46.20222,6.14569
1990,45.8929,6.71381,45.8929,6.71381
1990,45.088,6.085,45.19839,5.68265
1990,45.0707,5.55281,45.0707,5.55281
1990,45.43389,4.39,45.04366,3.88523
1990,44.1,3.08333,44.1,3.08333
1990,43.45812,2.00469,43.63276,1.39399
1990,42.8846,-0.06136,43.1,-0.05
1990,43.3,-0.36667,43.3,-0.36667
1990,44.84044,-0.5805,44.85,-0.03333
1990,45.86278,1.17944,45.81456,1.85217
1990,45.81456,1.85217,48.61135,2.30593
1991,45.74846,4.84671,45.74846,4.84671
1991,45.74846,4.84671,45.73333,4.91667
1991,45.74584,4.97088,45.76667,4.88333
1991,47.31667,5.01667,47.31667,5.01667
1991,49.29162,4.11921,49.29162,4.11921
1991,50.35,3.53333,50.29301,2.78186
1991,49.4938,0.10767,49.4938,0.10767
1991,48.75,-0.01667,48.75,-0.01667
1991,48.43476,0.09311,48.43476,0.09311
1991,48.11198,-1.67429,48.11198,-1.67429
1991,48,-4.1,48,-4.1
1991,47.21765,-1.64841,43.3,-0.36667
1991,42.56898,-0.54987,42.56898,-0.54987
1991,42.79168,0.38916,43.10496,0.72927
1991,43.6,2.25,43.9298,2.148
1991,44.12489,4.08082,44.12489,4.08082
1991,44.56151,6.08106,44.56151,6.08106
1991,45.088,6.085,45.05485,6.02984
1991,46.18149,6.70664,46.18149,6.70664
1991,45.69173,5.90863,45.69173,5.90863
1991,46.31407,4.82823,46.4725,4.80972
1991,46.31407,4.82823,48.5457,2.65356
1992,43.31283,-1.97499,43.31283,-1.97499
1992,43.31283,-1.97499,43.31283,-1.97499
1992,43.3,-0.36667,43.3,-0.36667
1992,44.84044,-0.5805,44.91667,-0.23333
1992,44.91667,-0.23333,49.27158,2.47074
1992,50.67043,3.13382,50.69421,3.17456
1992,50.85045,4.34878,50.85045,4.34878
1992,50.86523,5.83205,50.86523,5.83205
1992,50.35357,7.57883,49.60244,6.1332
1992,49.60244,6.1332,49.60244,6.1332
1992,48.58392,7.74553,48.58392,7.74553
1992,47.75,7.33333,47.1,5.5
1992,48.8555,2.35473,45.8929,6.71381
1992,44.95864,6.87751,44.95864,6.87751
1992,45.088,6.085,45.05485,6.02984
1992,45.43389,4.39,45.43389,4.39
1992,45.58837,2.73956,45.58837,2.73956
1992,46.33333,2.6,46.33333,2.6
1992,47.35223,0.66905,47.35223,0.66905
1992,47.59432,1.32912,47.59432,1.32912
1992,48.89198,2.20675,48.8905,2.24288
1993,46.89334,-0.932068,46.45773,-1.16512
1993,46.5,-1.78333,46.5,-1.78333
1993,47.6579,-2.75574,47.6579,-2.75574
1993,48.63143,-2.06144,48.63143,-2.06144
1993,48.68333,-1.36667,48.68333,-1.36667
1993,49.02414,1.15082,49.02414,1.15082
1993,49.9,2.3,49.869,3.03
1993,48.95393,4.36724,48.95393,4.36724
1993,49.16667,5.38333,48.91667,5.73333
1993,48.91667,5.73333,45.0707,5.55281
1993,44.94,6.56,44.94,6.56
1993,44.1862,7.15785,44.1862,7.15785
1993,43.29695,5.38107,43.29695,5.38107
1993,43.61092,3.87723,43.61092,3.87723
1993,42.69764,2.89541,42.69764,2.89541
1993,42.54592,1.47524,42.50779,1.52109
1993,42.81611,0.322778,43.23333,0.08333
1993,43.3,-0.36667,43.48839,-0.77244
1993,44.84044,-0.5805,48.61135,2.30593
1993,48.64004,2.27465,48.672110000000004,2.39318
1994,50.63297,3.05858,50.63297,3.05858
1994,50.68568,2.88214,50.69421,3.17456
1994,50.71667,1.61667,50.95194,1.85635
1994,50.92792,1.81772,51.12598,1.31257
1994,50.82838,-0.13947,50.79899,-1.09125
1994,50.79899,-1.09125,49.63984,-1.61636
1994,48.11198,-1.67429,48.11198,-1.67429
1994,46.66304,0.36145,46.58333,0.33333
1994,45.19766,0.78615,45.18333,0.71667
1994,44.85,0.48333,44.85,0.48333
1994,44.4491,1.43663,44.4491,1.43663
1994,42.97404,-0.00906,43.1,-0.05
1994,42.8846,-0.06136,43.06667,0.15
1994,43.9298,2.148,43.6,2.25
1994,43.61092,3.87723,43.61092,3.87723
1994,44.05,5.05,44.38366,4.99084
1994,45.088,6.085,45.05485,6.02984
1994,45.29777,6.58377,45.48333,6.53333
1994,46.06251,6.57497,46.06251,6.57497
1994,46.19243,6.77341,46.18149,6.70664
1994,46.81605,6.31337,48.86785,2.77863
1995,48.51513,-2.76838,48.45,-2.03333
1995,48.73333,-3.46667,48.81454,-3.43963
1995,48.11776,-1.20577,48.13494,-0.66667
1995,48.43476,0.09311,48.43476,0.09311
1995,49.4938,0.10767,49.75787,0.37457
1995,51.03297,2.377,51.03297,2.377
1995,50.41136,4.44448,50.41136,4.44448
1995,50.63373,5.56749,50.51894,5.23284
1995,50.58362,5.50115,45.94346,6.44111
1995,45.5057,6.6803,45.5057,6.6803
1995,45.088,6.085,45.05485,6.02984
1995,45.43389,4.39,45.43389,4.39
1995,44.51849,3.50372,44.51849,3.50372
1995,43.45812,2.00469,43.55402,1.53411
1995,42.77965,1.301,42.98333,1.15
1995,42.88333,-0.11667,43.23333,0.08333
1995,43.3,-0.36667,43.3,-0.36667
1995,44.84044,-0.5805,45,0.16667
1995,45.86278,1.17944,45.81456,1.85217
1995,45.81456,1.85217,48.64682,2.31965
1996,51.69917,5.30417,51.69917,5.30417
1996,51.69917,5.30417,51.69917,5.30417
1996,50.67043,3.13382,50.67043,3.13382
1996,49.27158,2.47074,49.38167,3.32361
1996,48.91667,5.73333,48.91667,5.73333
1996,47.248779999999996,6.01815,47.03127,5.77027
1996,45.69173,5.90863,45.56465,5.92645
1996,43.45702,6.47905,45.61716,6.76902
1996,45.44972,6.9781,44.97565,6.50671
1996,44.95864,6.87751,45.07049,7.68682
1996,44.56151,6.08106,44.56151,6.08106
1996,44.92801,4.8951,44.92801,4.8951
1996,45.04366,3.88523,45.04366,3.88523
1996,45.50788,2.86215,45.09538,2.34994
1996,45.27001,1.77309,45.15,1.53333
1996,44.40854,0.70415,44.19991,0.62664
1996,42.97404,-0.00906,43.01667,-0.1
1996,42.81687,-1.64323,42.81687,-1.64323
1996,43.37172,-1.77382,43.37172,-1.77382
1996,44.84044,-0.5805,44.84044,-0.5805
1996,44.88333,-0.15,48.71667,2.25
1997,49.44313,1.09932,49.44313,1.09932
1997,49.61391,1.54449,49.86667,0.73333
1997,48.83333,-0.88333,48.83333,-0.88333
1997,47.83754,-2.63987,47.83754,-2.63987
1997,46.89334,-0.932068,46.68702,-1.05024
1997,46.58333,1.98333,46.63333,1.06667
1997,45.8228,-1.10546,45.8228,-1.10546
1997,44.84044,-0.5805,44.53292,-0.34226
1997,43.3,-0.36667,43.3,-0.36667
1997,42.79611,0.41111,42.79079,0.59315
1997,42.555,1.5330556,42.555,1.5330556
1997,42.69764,2.89541,45.43389,4.39
1997,45.43389,4.39,45.43389,4.39
1997,45.088,6.085,45.05485,6.02984
1997,45.41538,6.63643,45.41538,6.63643
1997,46.18149,6.70664,46.18149,6.70664
1997,46.80237,7.15128,46.80237,7.15128
1997,48.08078,7.35584,48.08078,7.35584
1997,47.51667,6.8,47.51667,6.8
1997,47.31667,5.01667,48.86785,2.77863
1997,48.86785,2.77863,48.86785,2.77863
1998,53.33306,-6.24889,53.33306,-6.24889
1998,53.33306,-6.24889,52.50083,-6.55778
1998,51.89797,-8.47061,48.72381,-3.98709
1998,47.75,-3.36667,47.91444,-3.33384
1998,47.082,-0.877,47.082,-0.877
1998,46.81248,1.69362,46.58333,1.98333
1998,45.15,1.53333,45.4,1.85185
1998,45.17009,1.56193,45.15,1.53333
1998,44.01819,1.36432,44.01819,1.36432
1998,43.3,-0.36667,43.3,-0.36667
1998,42.79079,0.59315,42.79079,0.59315
1998,42.7267,1.690518,42.84545,1.60332
1998,43.27796,3.51357,43.42681,3.7259
1998,44.05,5.05,44.38366,4.99084
1998,45.17155,5.72239,45.17155,5.72239
1998,45.0069,6.12086,45.07825,5.7716
1998,45.67452,6.39061,45.67452,6.39061
1998,45.69173,5.90863,45.69173,5.90863
1998,46.99087,6.79767,47.09993,6.82586
1998,46.95,4.3,46.66667,4.36667
1998,46.80714,4.41632,48.5457,2.65356
1999,46.89334,-0.932068,46.97667,-1.30846
1999,46.84363,-1.87491,46.84363,-1.87491
1999,47.28333,-2.2,47.21725,-1.55336
1999,48.0732,-0.7634,48.0732,-0.7634
1999,47.59432,1.32912,48.18312,1.38524
1999,49.9,2.3,49.9,2.3
1999,50.27875,3.97267,50.11667,3.93333
1999,49.36667,6.16667,49.11911,6.17269
1999,49.11911,6.17269,45.94346,6.44111
1999,44.95864,6.87751,44.95864,6.87751
1999,45.088,6.085,45.05485,6.02984
1999,45.43389,4.39,45.59199,4.31743
1999,45.03333,3.08333,45.03333,3.08333
1999,43.9298,2.148,43.6,2.25
1999,43.11667,0.73333,43.11667,0.73333
1999,42.78545,0.15904,43.12517,0.38401
1999,43.3,-0.36667,43.38333,-0.6
1999,44.84044,-0.5805,45.45,-0.43333
1999,46.66304,0.36145,46.66304,0.36145
1999,46.66304,0.36145,48.58875,2.24672
2000,46.66304,0.36145,46.66304,0.36145
2000,47.00788,0.08296,47.00788,0.08296
2000,47.21725,-1.55336,47.21725,-1.55336
2000,47.28333,-2.2,47.6579,-2.75574
2000,48.11776,-1.20577,48.11776,-1.20577
2000,47.35223,0.66905,47.35223,0.66905
2000,45.86278,1.17944,45.86278,1.17944
2000,44.40854,0.70415,44.19991,0.62664
2000,43.71032,-1.05366,43.71032,-1.05366
2000,42.97404,-0.00906,43.06667,0.15
2000,43.45812,2.00469,44.05,5.05
2000,44.17346,5.27829,43.94834,4.80892
2000,43.53333,6.46667,43.53333,6.46667
2000,44.89978,6.64201,44.89978,6.64201
2000,45.41538,6.63643,45.41538,6.63643
2000,46.18149,6.70664,46.40111,6.58793
2000,46.516,6.63282,46.516,6.63282
2000,47.9959,7.85222,47.9959,7.85222
2000,47.75,7.33333,47.63883,6.85419
2000,48.30073,4.08524,48.85341,2.3488
2001,51.03297,2.377,50.75,2.25
2001,50.71667,1.61667,50.95194,1.85635
2001,51.21989,4.40346,51.21989,4.40346
2001,50.58362,5.50115,50.51894,5.23284
2001,49.16667,5.38333,49.16667,5.38333
2001,48.77275,5.16108,48.76128,5.59067
2001,48.58392,7.74553,48.58392,7.74553
2001,48.08078,7.35584,48.08078,7.35584
2001,46.90347,6.35542,46.90347,6.35542
2001,45.69173,5.90863,45.69173,5.90863
2001,45.088,6.085,45.17155,5.72239
2001,45.11167,5.875,42.69764,2.89541
2001,42.70083,1.8138889,43,1.5
2001,42.81611,0.322778,43.23333,0.08333
2001,42.8846,-0.06136,43.3,-0.36667
2001,43.69847,1.81858,44.03333,1.1
2001,45.41038,1.93849,45.15,1.53333
2001,46.33333,2.6,46.33333,2.6
2001,46.71667,2.51667,47.90289,1.90389
2001,48.6328,2.44049,48.60603,2.48757
2002,49.60244,6.1332,49.60244,6.1332
2002,49.60244,6.1332,49.60244,6.1332
2002,49.23262,7.00982,49.11911,6.17269
2002,49.29162,4.11921,49.05,3.95
2002,49.05,3.4,49.38167,3.32361
2002,49.44313,1.09932,49.61391,1.54449
2002,48.43476,0.09311,48.5572,-0.41383
2002,48.68333,-1.36667,48.5453,-1.1724
2002,47.91444,-3.33384,47.76132,-3.33965
2002,47.75,-3.36667,44.43202,-0.21327
2002,43.3,-0.36667,43.3,-0.36667
2002,42.91124,0.17801,43.12517,0.38401
2002,42.7267,1.690518,42.93127,1.84656
2002,43.34122,3.21402,43.71667,3.31667
2002,44.17346,5.27829,44.23896,5.07461
2002,45.0069,6.12086,45.0069,6.12086
2002,45.5057,6.6803,45.55559,6.6504200000000004
2002,46.06251,6.57497,46.06251,6.57497
2002,46.20574,5.2258,46.13333,4.65
2002,46.31407,4.82823,48.5457,2.65356
2003,48.85341,2.3488,48.93333,2.36667
2003,48.96014,2.87885,48.9514,3.12724
2003,49.7,4.95,49.7685,4.72487
2003,48.63333,4.95,48.44363,5.14144
2003,48.63333,4.95,48.30073,4.08524
2003,46.98956,3.159,46.98956,3.159
2003,45.74846,4.84671,45.74846,4.84671
2003,46.18149,6.70664,45.94423,6.63162
2003,45.088,6.085,45.05485,6.02984
2003,44.56151,6.08106,44.56151,6.08106
2003,43.29695,5.38107,43.18396,3.00141
2003,43.60426,1.44367,43.9016,1.89686
2003,44.01464,2.13946,43.60426,1.44367
2003,42.70001,1.8127,42.98333,1.15
2003,42.79611,0.41111,43.06667,0.15
2003,42.8846,-0.06136,43.3,-0.36667
2003,43.48333,-1.48333,43.71032,-1.05366
2003,44.84044,-0.5805,44.84044,-0.5805
2003,46.41395,-0.20888,47.11205,-2.08888
2003,47.21725,-1.55336,48.82358,2.19311
2004,50.63373,5.56749,50.63373,5.56749
2004,50.41136,4.44448,50.41136,4.44448
2004,50.4669,4.86746,50.71469,4.3991
2004,50.67043,3.13382,50.16667,3.23333
2004,50.29301,2.78186,49.9,2.3
2004,48.44685,1.48925,48.18312,1.38524
2004,47.47381,-0.54774,47.71667,-1.38333
2004,48.51513,-2.76838,48.46762,-2.51436
2004,48,-4.1,45.83566,1.49174
2004,46.22264,2.36396,45.86278,1.17944
2004,45.03333,3.08333,45.03333,3.08333
2004,44.6,2.03333,44.03333,1.1
2004,42.91124,0.17801,43.12517,0.38401
2004,42.7267,1.690518,43.21351,2.35162
2004,43.83378,4.35962,44.38366,4.99084
2004,45.0707,5.55281,45.05485,6.02984
2004,45.088,6.085,45.05485,6.02984
2004,45.94346,6.44111,46.19439,6.23775
2004,46.67535,5.55575,47.248779999999996,6.01815
2004,47.248779999999996,6.01815,48.38333,2.95
2005,46.99733,-2.27374,46.84363,-1.87491
2005,46.7744,-1.22834,46.64786,-0.73916
2005,47.35223,0.66905,47.35223,0.66905
2005,47.59432,1.32912,47.6162,1.51667
2005,48,2.75,48.30073,4.08524
2005,48.68439,6.18496,48.6,6.5
2005,49.00937,8.40444,48.88436,8.69892
2005,48.07346,6.87787,48.07346,6.87787
2005,47.75,7.33333,45.17155,5.72239
2005,45.41538,6.63643,45.41538,6.63643
2005,44.89978,6.64201,44.89978,6.64201
2005,44.09252,6.23199,43.58666,5.00464
2005,43.61092,3.87723,43.31083,3.47583
2005,42.70001,1.8127,43.27734,1.34686
2005,42.81611,0.322778,43.38333,-0.6
2005,43.3,-0.36667,43.3,-0.36667
2005,43.45812,2.00469,43.9298,2.148
2005,44.51849,3.50372,45.55,3.25
2005,45.04366,3.88523,45.43389,4.39
2005,45.43389,4.39,48.60603,2.48757
2006,48.58392,7.74553,48.58392,7.74553
2006,48.58392,7.74553,48.46313,7.481
2006,49.49583,5.98056,49.49583,5.98056
2006,50.86523,5.83205,50.51894,5.23284
2006,49.84889,3.28757,49.43333,2.08333
2006,49.18585,-0.35912,49.1466,0.22925
2006,48.11776,-1.20577,48.15085,-1.68706
2006,48.11198,-1.67429,48.18971,-2.19486
2006,47.75,-3.36667,44.84044,-0.5805
2006,43.71032,-1.05366,43.35851,-1.40105
2006,43.3,-0.36667,43.23333,0.08333
2006,42.7225,0.8372222,42.79079,0.59315
2006,43.21351,2.35162,43.34122,3.21402
2006,44.55838,4.75094,44.55838,4.75094
2006,44.56151,6.08106,44.56151,6.08106
2006,45.088,6.085,45.05485,6.02984
2006,45.25,6.3,45.28333,6.35
2006,46.18149,6.70664,46.18149,6.70664
2006,46.31407,4.82823,46.80714,4.41632
2006,46.66667,4.36667,48.7786,2.2906
2007,51.50853,-0.12574,51.50853,-0.12574
2007,51.27904,1.07992,51.03297,2.377
2007,51.05,3.71667,50.88898,3.42756
2007,49.41794,2.82606,49.25311,3.09003
2007,47.98288,3.40096,47.81386,3.79835
2007,46.95,4.3,47.48333,4.33333
2007,46.20574,5.2258,46.20574,5.2258
2007,45.94346,6.44111,45.94346,6.44111
2007,45.49604,6.92463,45.44972,6.9781
2007,44.89978,6.64201,44.455,6.038
2007,43.29695,5.38107,43.29695,5.38107
2007,43.61092,3.87723,43.61092,3.87723
2007,43.6,2.25,43.9298,2.148
2007,43.9298,2.148,43.49001,2.37304
2007,42.7267,1.690518,43,1.5
2007,42.79611,0.41111,43.48839,-0.77244
2007,42.9692,-0.7674,43.3,-0.36667
2007,44.03333,1.1,44.4491,1.43663
2007,45.65,0.15,45.7,-0.33333
2007,45.65,0.15,48.64026,2.23858
2008,47.83754,-2.63987,47.67025,-2.99183
2008,48.51513,-2.76838,48.65,-2.01667
2008,47.21725,-1.55336,47.082,-0.877
2008,47.082,-0.877,47.082,-0.877
2008,46.81248,1.69362,46.43397,1.83026
2008,45.50683,2.85912,45.3,3.4
2008,44.9214,2.43732,44.6,2.03333
2008,43.60426,1.44367,43.60426,1.44367
2008,43.06667,0.15,43.3,-0.36667
2008,42.97404,-0.00906,43.12517,0.38401
2008,43,1.5,42.93127,1.84656
2008,43.18396,3.00141,43.18396,3.00141
2008,43.83378,4.35962,43.83378,4.35962
2008,44.09252,6.23199,44.56387,6.49526
2008,44.25538,7.78657,44.54702,7.62322
2008,44.41705,6.72947,44.56387,6.49526
2008,45.088,6.085,45.05485,6.02984
2008,45.43389,4.39,46.03333,4.06667
2008,46.33333,2.6,46.6179,2.8202
2008,46.71667,2.51667,48.43333,2.15
2009,43.73333,7.41667,43.73333,7.41667
2009,43.4,6.06667,43.29695,5.38107
2009,43.56667,4.08333,43.61092,3.87723
2009,43.61092,3.87723,43.32215,3.35319
2009,42.69764,2.89541,41.98311,2.82493
2009,41.38879,2.15899,41.38879,2.15899
2009,42.555,1.5330556,42.50779,1.52109
2009,42.98333,1.15,43.11667,0.73333
2009,43.23333,0.08333,45.86278,1.17944
2009,46.95,2,47.07447,1.8101
2009,48.55713,2.5284,47.85628,3.97369
2009,48.20085,5.94843,48.20085,5.94843
2009,48.08078,7.35584,48.08078,7.35584
2009,47.248779999999996,6.01815,46.90347,6.35542
2009,46.1002,7.22651,46.10276,7.07245
2009,45.61716,6.76902,45.61716,6.76902
2009,45.94346,6.44111,45.91971,6.14393
2009,45.91971,6.14393,45.58611,5.27361
2009,44.62006,4.38994,44.55838,4.75094
2009,44.17346,5.27829,48.38333,2.95
2010,51.9225,4.47917,51.9225,4.47917
2010,50.85045,4.34878,50.85045,4.34878
2010,50.48375,5.86674,50.53907,5.20846
2010,50.37432,3.39188,50.16667,3.23333
2010,49.29162,4.11921,49.05,3.95
2010,48,2.75,48,2.75
2010,46.60357,4.06286,46.56758,4.90574
2010,46.67528,5.5544444,46.67528,5.5544444
2010,46.1789,6.7089,46.1789,6.7089
2010,45.28333,6.35,45.56465,5.92645
2010,44.56151,6.08106,44.18758,5.94623
2010,44.95601,4.91023,45.02825,5.07162
2010,44.51849,3.50372,44.35258,2.57338
2010,43.45812,2.00469,43.45812,2.00469
2010,42.70001,1.8127,43.11667,1.6
2010,42.79079,0.59315,42.79079,0.59315
2010,43.3,-0.36667,43.3,-0.36667
2010,42.90297,0.13277,43.47422,-0.92448
2010,44.84044,-0.5805,44.84044,-0.5805
2010,45.19644,-0.74873,48.69503,2.30735
2011,46.89472,-1.0102778,46.7744,-1.22834
2011,46.7744,-1.22834,46.53524,-1.77293
2011,47.65,-2.08333,47.75,-3.36667
2011,48.2,-2.98333,48.27594,-3.57326
2011,48.6869,-2.31718,48.45,-2.03333
2011,49.1466,0.22925,48.00039,0.20471
2011,46.81248,1.69362,46.43397,1.83026
2011,45.50788,2.86215,45.55,3.25
2011,45.03333,3.08333,44.9214,2.43732
2011,44.05099,2.15795,44.03073,2.13166
2011,43.69847,1.81858,43.53635,1.34428
2011,42.8846,-0.06136,43.3,-0.36667
2011,43.1,-0.05,43.11667,0.73333
2011,42.7267,1.690518,43.05487,2.22173
2011,43.61092,3.87723,44.34909,4.76574
2011,44.56151,6.08106,44.56151,6.08106
2011,44.88534,7.33135,44.88534,7.33135
2011,44.8964,6.6356,45.2,6.66667
2011,45.088,6.085,45.17155,5.72239
2011,45.17155,5.72239,48.79266,2.46569
2012,50.63373,5.56749,50.63373,5.56749
2012,50.58362,5.50115,50.7376,5.69907
2012,50.60715,3.38932,50.46667,3.23333
2012,50.71667,1.61667,50.1,1.83333
2012,49.44313,1.09932,49.44313,1.09932
2012,49.84889,3.28757,49.05,3.95
2012,49.11911,6.17269,48.68378,6.2162
2012,47.76725,6.77435,47.63883,6.85419
2012,47.41475,7.07638,47.03127,5.77027
2012,47.248779999999996,6.01815,46.31407,4.82823
2012,46.10787,5.82421,45.67452,6.39061
2012,45.23646,6.290359,45.28333,6.35
2012,45.2408,4.6714,44.34909,4.76574
2012,43.32215,3.35319,43.05487,2.22173
2012,43,1.5,43.49286,0.92976
2012,43.3,-0.36667,43.3,-0.36667
2012,42.79079,0.59315,42.79079,0.59315
2012,42.79251,0.44583,43.63276,1.39399
2012,45.15,1.53333,48.18312,1.38524
2012,48.44685,1.48925,48.65,1.83333
2013,42.70278,9.45,42.70278,9.45
2013,41.91886,8.73812,41.91886,8.73812
2013,42.56604,8.75713,43.70313,7.26608
2013,43.70313,7.26608,43.66459,7.15339
2013,43.29695,5.38107,43.5283,5.44973
2013,43.61092,3.87723,43.61092,3.87723
2013,43.9298,2.148,43.6,2.25
2013,42.70001,1.8127,42.98333,1.15
2013,43.06667,0.15,47.51622,-2.03659
2013,48.65,-2.01667,48.68333,-1.36667
2013,48.883,-1.564,48.35,-1.2
2013,47.35223,0.66905,47.35223,0.66905
2013,46.71667,2.51667,46.30927,3.28787
2013,45.74846,4.84671,45.58415,4.77256
2013,44.17346,5.27829,44.23896,5.07461
2013,44.56151,6.08106,44.56387,6.49526
2013,44.5471,6.27752,44.56151,6.08106
2013,45.088,6.085,45.05485,6.02984
2013,45.94346,6.44111,45.91971,6.14393
2013,45.84642,6.1267,48.80359,2.13424
2014,53.99078,-1.5373000000000001,53.95763,-1.08271
2014,53.38297,-1.4659,52.2,0.11667
2014,51.50853,-0.12574,50.51738,1.62059
2014,50.6775,3.1109,50.85114,2.88569
2014,50.37432,3.39188,50.29301,2.78186
2014,49.29162,4.11921,49.05,3.95
2014,48.68439,6.18496,48.68378,6.2162
2014,48.07346,6.87787,48.07346,6.87787
2014,47.75,7.33333,47.75,7.33333
2014,47.76725,6.77435,47.248779999999996,6.01815
2014,46.25917,5.65727,46.20574,5.2258
2014,45.43389,4.39,45.43389,4.39
2014,45.11167,5.875,45.17155,5.72239
2014,44.64814,6.639,44.455,6.038
2014,43.83378,4.35962,43.21351,2.35162
2014,42.79079,0.59315,43.11667,0.73333
2014,43.72047,0.49715,43.3,-0.36667
2014,42.97404,-0.00906,43.46824,0.03578
2014,44.85,0.48333,44.85,0.48333
2014,45.18333,0.71667,48.6328,2.44049
2015,52.09083,5.12222,52.09083,5.12222
2015,51.41667,3.75,51.21989,4.40346
2015,50.51894,5.23284,50.58362,5.50115
2015,50.16667,3.23333,50.29301,2.78186
2015,49.9,2.3,50.1,1.83333
2015,49.4938,0.10767,49.005,0.1502
2015,48.35,-1.2,48.11198,-1.67429
2015,48.2,-2.98333,47.6579,-2.75574
2015,47.83754,-2.63987,43.23333,0.08333
2015,42.97389,-0.59972,43.3,-0.36667
2015,42.88333,-0.11667,43.12517,0.38401
2015,42.7267,1.690518,43.46667,1.35
2015,44.35258,2.57338,44.35258,2.57338
2015,44.51849,3.50372,44.51849,3.50372
2015,44.92801,4.8951,45.02825,5.07162
2015,44.56151,6.08106,44.09252,6.23199
2015,44.37043,6.60476,44.56151,6.08106
2015,45.28333,6.35,45.28333,6.35
2015,45.23646,6.290359,45.2,6.66667
2015,45.088,6.085,48.82292,2.21757
2016,49.41595,-1.17464,49.11624,-1.09031
2016,49.6386,-1.6147,48.83792,-1.59714
2016,47.47381,-0.54774,47.26667,-0.08333
2016,45.86278,1.17944,45.86278,1.17944
2016,45.08882,2.74748,44.90262,2.45809
2016,44.01819,1.36432,43.61361,1.08083
2016,42.93182,0.34108,43.3,-0.36667
2016,42.79079,0.59315,42.7225,0.8372222
2016,42.555,1.5330556,42.50729,1.53414
2016,43.45812,2.00469,43.21351,2.35162
2016,43.61092,3.87723,43.61092,3.87723
2016,44.1667,5.2833,44.37566,4.64273
2016,44.40558,4.39254,44.55838,4.75094
2016,46.00227,5.02905,46.20574,5.2258
2016,45.84964,5.78081,46.43381,5.72643
2016,46.94809,7.44744,46.94809,7.44744
2016,46.0625,6.8891667,45.94423,6.63162
2016,45.85233,6.61286,45.67452,6.39061
2016,45.8929,6.71381,45.85233,6.61286
2016,46.18149,6.70664,49.19461,2.47124
2017,51.22172,6.77616,51.22172,6.77616
2017,50.63373,5.56749,50.58907,5.86241
2017,49.5217,5.76192,49.505,6.28111
2017,48.20085,5.94843,48.20085,5.94843
2017,47.76725,6.77435,47.62604,6.14251
2017,48.30073,4.08524,48.30073,4.08524
2017,47.13683,4.949,47.1,5.5
2017,46.67528,5.5544444,46.15,5.61667
2017,45.56465,5.92645,45.18333,0.71667
2017,44.85,0.48333,44.66812,0.39961
2017,43.3,-0.36667,43.3,-0.36667
2017,42.79251,0.44583,42.98333,1.15
2017,43,1.5,43.63276,1.39399
2017,44.35258,2.57338,44.38111,2.8225
2017,45.04366,3.88523,45.04366,3.88523
2017,45.04639,5.0562,44.90257,5.78659
2017,44.94,6.56,44.89978,6.64201
2017,44.82013,6.7352,44.56387,6.49526
2017,43.64074,5.09545,43.29695,5.38107
2017,43.29695,5.38107,48.70543,2.45039
2018,46.46667,-0.81667,46.67583,-0.84944
2018,46.66667,-1.43333,47.082,-0.877
2018,47.082,-0.877,47.29221,-2.36395
2018,47.52772,-2.76933,47.75,-3.36667
2018,48,-4.1,48.39029,-4.48628
2018,48.2,-2.98333,48.35,-1.2
2018,48.44685,1.48925,48.73333,1.36667
2018,49.9,2.3,50.29301,2.78186
2018,50.69421,3.17456,45.91971,6.14393
2018,45.94346,6.44111,45.67452,6.39061
2018,45.62713,6.84998,45.61716,6.76902
2018,45.088,6.085,45.05485,6.02984
2018,44.92801,4.8951,44.34909,4.76574
2018,44.51849,3.50372,44.1,3.08333
2018,43.21351,2.35162,43.21351,2.35162
2018,42.79079,0.59315,42.79079,0.59315
2018,42.81713,0.32238,43.33333,0.36667
2018,43.3,-0.36667,43.1,-0.05
2018,42.98826,-0.42658,43.35564,-1.55013
2018,43.34015,-1.44737,48.92161,2.19263
2019,50.40467,4.438704,50.84212,4.36242
2019,50.90227,4.33926,50.41155,4.16469
2019,49.05,3.95,49.29162,4.11921
2019,48.68439,6.18496,48.28333,6.95
2019,48.08078,7.35584,47.75,7.33333
2019,47.76725,6.77435,47.63883,6.85419
2019,46.78333,4.85,46.31407,4.82823
2019,45.43389,4.39,45.43389,4.39
2019,45.3,3.4,45.03333,3.08333
2019,43.9298,2.148,43.9298,2.148
2019,43.60426,1.44367,43.60426,1.44367
2019,43.06667,0.15,43.3,-0.36667
2019,43.3,-0.36667,43.23333,0.08333
2019,42.90297,0.13277,43.05487,2.22173
2019,43,1.5,43.83378,4.35962
2019,43.83378,4.35962,43.96667,4.53333
2019,44.56151,6.08106,44.56387,6.49526
2019,45.16565,6.42994,45.28333,6.35
2019,45.49604,6.92463,45.67452,6.39061
2019,45.29777,6.58377,48.65,1.83333
